Copyright 1986-2020 Xilinx, Inc. All Rights Reserved.
--------------------------------------------------------------------------------------------------------------------------------------------------------------------------------------------------------------
| Tool Version : Vivado v.2020.2 (win64) Build 3064766 Wed Nov 18 09:12:45 MST 2020
| Date         : Wed Oct  7 17:40:47 2026
| Host         : DESKTOP-7CFQ9ND running 64-bit major release  (build 9200)
| Command      : report_timing_summary -max_paths 10 -file counter_10000_timing_summary_routed.rpt -pb counter_10000_timing_summary_routed.pb -rpx counter_10000_timing_summary_routed.rpx -warn_on_violation
| Design       : counter_10000
| Device       : 7a35t-cpg236
| Speed File   : -1  PRODUCTION 1.23 2018-06-13
--------------------------------------------------------------------------------------------------------------------------------------------------------------------------------------------------------------

Timing Summary Report

------------------------------------------------------------------------------------------------
| Timer Settings
| --------------
------------------------------------------------------------------------------------------------

  Enable Multi Corner Analysis               :  Yes
  Enable Pessimism Removal                   :  Yes
  Pessimism Removal Resolution               :  Nearest Common Node
  Enable Input Delay Default Clock           :  No
  Enable Preset / Clear Arcs                 :  No
  Disable Flight Delays                      :  No
  Ignore I/O Paths                           :  No
  Timing Early Launch at Borrowing Latches   :  No
  Borrow Time for Max Delay Exceptions       :  Yes
  Merge Timing Exceptions                    :  Yes

  Corner  Analyze    Analyze    
  Name    Max Paths  Min Paths  
  ------  ---------  ---------  
  Slow    Yes        Yes        
  Fast    Yes        Yes        



check_timing report

Table of Contents
-----------------
1. checking no_clock (2)
2. checking constant_clock (0)
3. checking pulse_width_clock (0)
4. checking unconstrained_internal_endpoints (4)
5. checking no_input_delay (4)
6. checking no_output_delay (11)
7. checking multiple_clock (0)
8. checking generated_clocks (0)
9. checking loops (0)
10. checking partial_input_delay (0)
11. checking partial_output_delay (0)
12. checking latch_loops (0)

1. checking no_clock (2)
------------------------
 There are 2 register/latch pins with no clock driven by root clock pin: U_FND_CONTROLLER/U_CLK_DIV_800HZ/o_clk_800hz_reg/Q (HIGH)


2. checking constant_clock (0)
------------------------------
 There are 0 register/latch pins with constant_clock.


3. checking pulse_width_clock (0)
---------------------------------
 There are 0 register/latch pins which need pulse_width check


4. checking unconstrained_internal_endpoints (4)
------------------------------------------------
 There are 4 pins that are not constrained for maximum delay. (HIGH)

 There are 0 pins that are not constrained for maximum delay due to constant clock.


5. checking no_input_delay (4)
------------------------------
 There are 4 input ports with no input delay specified. (HIGH)

 There are 0 input ports with no input delay but user has a false path constraint.


6. checking no_output_delay (11)
--------------------------------
 There are 11 ports with no output delay specified. (HIGH)

 There are 0 ports with no output delay but user has a false path constraint

 There are 0 ports with no output delay but with a timing clock defined on it or propagating through it


7. checking multiple_clock (0)
------------------------------
 There are 0 register/latch pins with multiple clocks.


8. checking generated_clocks (0)
--------------------------------
 There are 0 generated clocks that are not connected to a clock source.


9. checking loops (0)
---------------------
 There are 0 combinational loops in the design.


10. checking partial_input_delay (0)
------------------------------------
 There are 0 input ports with partial input delay specified.


11. checking partial_output_delay (0)
-------------------------------------
 There are 0 ports with partial output delay specified.


12. checking latch_loops (0)
----------------------------
 There are 0 combinational latch loops in the design through latch input



------------------------------------------------------------------------------------------------
| Design Timing Summary
| ---------------------
------------------------------------------------------------------------------------------------

    WNS(ns)      TNS(ns)  TNS Failing Endpoints  TNS Total Endpoints      WHS(ns)      THS(ns)  THS Failing Endpoints  THS Total Endpoints     WPWS(ns)     TPWS(ns)  TPWS Failing Endpoints  TPWS Total Endpoints  
    -------      -------  ---------------------  -------------------      -------      -------  ---------------------  -------------------     --------     --------  ----------------------  --------------------  
      5.332        0.000                      0                   70        0.336        0.000                      0                   70        4.500        0.000                       0                    57  


All user specified timing constraints are met.


------------------------------------------------------------------------------------------------
| Clock Summary
| -------------
------------------------------------------------------------------------------------------------

Clock        Waveform(ns)       Period(ns)      Frequency(MHz)
-----        ------------       ----------      --------------
sys_clk_pin  {0.000 5.000}      10.000          100.000         


------------------------------------------------------------------------------------------------
| Intra Clock Table
| -----------------
------------------------------------------------------------------------------------------------

Clock             WNS(ns)      TNS(ns)  TNS Failing Endpoints  TNS Total Endpoints      WHS(ns)      THS(ns)  THS Failing Endpoints  THS Total Endpoints     WPWS(ns)     TPWS(ns)  TPWS Failing Endpoints  TPWS Total Endpoints  
-----             -------      -------  ---------------------  -------------------      -------      -------  ---------------------  -------------------     --------     --------  ----------------------  --------------------  
sys_clk_pin         5.332        0.000                      0                   70        0.336        0.000                      0                   70        4.500        0.000                       0                    57  


------------------------------------------------------------------------------------------------
| Inter Clock Table
| -----------------
------------------------------------------------------------------------------------------------

From Clock    To Clock          WNS(ns)      TNS(ns)  TNS Failing Endpoints  TNS Total Endpoints      WHS(ns)      THS(ns)  THS Failing Endpoints  THS Total Endpoints  
----------    --------          -------      -------  ---------------------  -------------------      -------      -------  ---------------------  -------------------  


------------------------------------------------------------------------------------------------
| Other Path Groups Table
| -----------------------
------------------------------------------------------------------------------------------------

Path Group    From Clock    To Clock          WNS(ns)      TNS(ns)  TNS Failing Endpoints  TNS Total Endpoints      WHS(ns)      THS(ns)  THS Failing Endpoints  THS Total Endpoints  
----------    ----------    --------          -------      -------  ---------------------  -------------------      -------      -------  ---------------------  -------------------  


------------------------------------------------------------------------------------------------
| Timing Details
| --------------
------------------------------------------------------------------------------------------------


---------------------------------------------------------------------------------------------------
From Clock:  sys_clk_pin
  To Clock:  sys_clk_pin

Setup :            0  Failing Endpoints,  Worst Slack        5.332ns,  Total Violation        0.000ns
Hold  :            0  Failing Endpoints,  Worst Slack        0.336ns,  Total Violation        0.000ns
PW    :            0  Failing Endpoints,  Worst Slack        4.500ns,  Total Violation        0.000ns
---------------------------------------------------------------------------------------------------


Max Delay Paths
--------------------------------------------------------------------------------------
Slack (MET) :             5.332ns  (required time - arrival time)
  Source:                 U_COUNTER_DATAPATH/U_TICK_GEN/counter_reg_reg[20]/C
                            (rising edge-triggered cell FDCE clocked by sys_clk_pin  {rise@0.000ns fall@5.000ns period=10.000ns})
  Destination:            U_COUNTER_DATAPATH/U_TICK_GEN/counter_reg_reg[22]/D
                            (rising edge-triggered cell FDCE clocked by sys_clk_pin  {rise@0.000ns fall@5.000ns period=10.000ns})
  Path Group:             sys_clk_pin
  Path Type:              Setup (Max at Slow Process Corner)
  Requirement:            10.000ns  (sys_clk_pin rise@10.000ns - sys_clk_pin rise@0.000ns)
  Data Path Delay:        4.638ns  (logic 1.211ns (26.113%)  route 3.427ns (73.887%))
  Logic Levels:           5  (LUT2=1 LUT4=1 LUT5=1 LUT6=2)
  Clock Path Skew:        -0.026ns (DCD - SCD + CPR)
    Destination Clock Delay (DCD):    4.787ns = ( 14.787 - 10.000 ) 
    Source Clock Delay      (SCD):    5.087ns
    Clock Pessimism Removal (CPR):    0.274ns
  Clock Uncertainty:      0.035ns  ((TSJ^2 + TIJ^2)^1/2 + DJ) / 2 + PE
    Total System Jitter     (TSJ):    0.071ns
    Total Input Jitter      (TIJ):    0.000ns
    Discrete Jitter          (DJ):    0.000ns
    Phase Error              (PE):    0.000ns

    Location             Delay type                Incr(ns)  Path(ns)    Netlist Resource(s)
  -------------------------------------------------------------------    -------------------
                         (clock sys_clk_pin rise edge)
                                                      0.000     0.000 r  
    W5                                                0.000     0.000 r  clk (IN)
                         net (fo=0)                   0.000     0.000    clk
    W5                   IBUF (Prop_ibuf_I_O)         1.458     1.458 r  clk_IBUF_inst/O
                         net (fo=1, routed)           1.967     3.425    clk_IBUF
    BUFGCTRL_X0Y0        BUFG (Prop_bufg_I_O)         0.096     3.521 r  clk_IBUF_BUFG_inst/O
                         net (fo=56, routed)          1.566     5.087    U_COUNTER_DATAPATH/U_TICK_GEN/clk_IBUF_BUFG
    SLICE_X55Y14         FDCE                                         r  U_COUNTER_DATAPATH/U_TICK_GEN/counter_reg_reg[20]/C
  -------------------------------------------------------------------    -------------------
    SLICE_X55Y14         FDCE (Prop_fdce_C_Q)         0.419     5.506 f  U_COUNTER_DATAPATH/U_TICK_GEN/counter_reg_reg[20]/Q
                         net (fo=2, routed)           0.731     6.238    U_COUNTER_DATAPATH/U_TICK_GEN/counter_reg_reg_n_0_[20]
    SLICE_X55Y15         LUT4 (Prop_lut4_I0_O)        0.296     6.534 r  U_COUNTER_DATAPATH/U_TICK_GEN/counter_reg[23]_i_7/O
                         net (fo=1, routed)           0.460     6.994    U_COUNTER_DATAPATH/U_TICK_GEN/counter_reg[23]_i_7_n_0
    SLICE_X55Y14         LUT5 (Prop_lut5_I4_O)        0.124     7.118 r  U_COUNTER_DATAPATH/U_TICK_GEN/counter_reg[23]_i_6/O
                         net (fo=1, routed)           0.572     7.689    U_COUNTER_DATAPATH/U_TICK_GEN/counter_reg[23]_i_6_n_0
    SLICE_X55Y12         LUT6 (Prop_lut6_I5_O)        0.124     7.813 r  U_COUNTER_DATAPATH/U_TICK_GEN/counter_reg[23]_i_3/O
                         net (fo=1, routed)           0.485     8.298    U_COUNTER_DATAPATH/U_TICK_GEN/counter_reg[23]_i_3_n_0
    SLICE_X55Y10         LUT6 (Prop_lut6_I0_O)        0.124     8.422 f  U_COUNTER_DATAPATH/U_TICK_GEN/counter_reg[23]_i_2/O
                         net (fo=24, routed)          1.179     9.601    U_COUNTER_DATAPATH/U_TICK_GEN/tick_reg
    SLICE_X55Y15         LUT2 (Prop_lut2_I0_O)        0.124     9.725 r  U_COUNTER_DATAPATH/U_TICK_GEN/counter_reg[22]_i_1/O
                         net (fo=1, routed)           0.000     9.725    U_COUNTER_DATAPATH/U_TICK_GEN/counter_reg[22]
    SLICE_X55Y15         FDCE                                         r  U_COUNTER_DATAPATH/U_TICK_GEN/counter_reg_reg[22]/D
  -------------------------------------------------------------------    -------------------

                         (clock sys_clk_pin rise edge)
                                                     10.000    10.000 r  
    W5                                                0.000    10.000 r  clk (IN)
                         net (fo=0)                   0.000    10.000    clk
    W5                   IBUF (Prop_ibuf_I_O)         1.388    11.388 r  clk_IBUF_inst/O
                         net (fo=1, routed)           1.862    13.250    clk_IBUF
    BUFGCTRL_X0Y0        BUFG (Prop_bufg_I_O)         0.091    13.341 r  clk_IBUF_BUFG_inst/O
                         net (fo=56, routed)          1.446    14.787    U_COUNTER_DATAPATH/U_TICK_GEN/clk_IBUF_BUFG
    SLICE_X55Y15         FDCE                                         r  U_COUNTER_DATAPATH/U_TICK_GEN/counter_reg_reg[22]/C
                         clock pessimism              0.274    15.061    
                         clock uncertainty           -0.035    15.026    
    SLICE_X55Y15         FDCE (Setup_fdce_C_D)        0.031    15.057    U_COUNTER_DATAPATH/U_TICK_GEN/counter_reg_reg[22]
  -------------------------------------------------------------------
                         required time                         15.057    
                         arrival time                          -9.725    
  -------------------------------------------------------------------
                         slack                                  5.332    

Slack (MET) :             5.332ns  (required time - arrival time)
  Source:                 U_COUNTER_DATAPATH/U_TICK_GEN/counter_reg_reg[20]/C
                            (rising edge-triggered cell FDCE clocked by sys_clk_pin  {rise@0.000ns fall@5.000ns period=10.000ns})
  Destination:            U_COUNTER_DATAPATH/U_TICK_GEN/counter_reg_reg[18]/D
                            (rising edge-triggered cell FDCE clocked by sys_clk_pin  {rise@0.000ns fall@5.000ns period=10.000ns})
  Path Group:             sys_clk_pin
  Path Type:              Setup (Max at Slow Process Corner)
  Requirement:            10.000ns  (sys_clk_pin rise@10.000ns - sys_clk_pin rise@0.000ns)
  Data Path Delay:        4.636ns  (logic 1.211ns (26.124%)  route 3.425ns (73.876%))
  Logic Levels:           5  (LUT2=1 LUT4=1 LUT5=1 LUT6=2)
  Clock Path Skew:        -0.026ns (DCD - SCD + CPR)
    Destination Clock Delay (DCD):    4.787ns = ( 14.787 - 10.000 ) 
    Source Clock Delay      (SCD):    5.087ns
    Clock Pessimism Removal (CPR):    0.274ns
  Clock Uncertainty:      0.035ns  ((TSJ^2 + TIJ^2)^1/2 + DJ) / 2 + PE
    Total System Jitter     (TSJ):    0.071ns
    Total Input Jitter      (TIJ):    0.000ns
    Discrete Jitter          (DJ):    0.000ns
    Phase Error              (PE):    0.000ns

    Location             Delay type                Incr(ns)  Path(ns)    Netlist Resource(s)
  -------------------------------------------------------------------    -------------------
                         (clock sys_clk_pin rise edge)
                                                      0.000     0.000 r  
    W5                                                0.000     0.000 r  clk (IN)
                         net (fo=0)                   0.000     0.000    clk
    W5                   IBUF (Prop_ibuf_I_O)         1.458     1.458 r  clk_IBUF_inst/O
                         net (fo=1, routed)           1.967     3.425    clk_IBUF
    BUFGCTRL_X0Y0        BUFG (Prop_bufg_I_O)         0.096     3.521 r  clk_IBUF_BUFG_inst/O
                         net (fo=56, routed)          1.566     5.087    U_COUNTER_DATAPATH/U_TICK_GEN/clk_IBUF_BUFG
    SLICE_X55Y14         FDCE                                         r  U_COUNTER_DATAPATH/U_TICK_GEN/counter_reg_reg[20]/C
  -------------------------------------------------------------------    -------------------
    SLICE_X55Y14         FDCE (Prop_fdce_C_Q)         0.419     5.506 f  U_COUNTER_DATAPATH/U_TICK_GEN/counter_reg_reg[20]/Q
                         net (fo=2, routed)           0.731     6.238    U_COUNTER_DATAPATH/U_TICK_GEN/counter_reg_reg_n_0_[20]
    SLICE_X55Y15         LUT4 (Prop_lut4_I0_O)        0.296     6.534 r  U_COUNTER_DATAPATH/U_TICK_GEN/counter_reg[23]_i_7/O
                         net (fo=1, routed)           0.460     6.994    U_COUNTER_DATAPATH/U_TICK_GEN/counter_reg[23]_i_7_n_0
    SLICE_X55Y14         LUT5 (Prop_lut5_I4_O)        0.124     7.118 r  U_COUNTER_DATAPATH/U_TICK_GEN/counter_reg[23]_i_6/O
                         net (fo=1, routed)           0.572     7.689    U_COUNTER_DATAPATH/U_TICK_GEN/counter_reg[23]_i_6_n_0
    SLICE_X55Y12         LUT6 (Prop_lut6_I5_O)        0.124     7.813 r  U_COUNTER_DATAPATH/U_TICK_GEN/counter_reg[23]_i_3/O
                         net (fo=1, routed)           0.485     8.298    U_COUNTER_DATAPATH/U_TICK_GEN/counter_reg[23]_i_3_n_0
    SLICE_X55Y10         LUT6 (Prop_lut6_I0_O)        0.124     8.422 f  U_COUNTER_DATAPATH/U_TICK_GEN/counter_reg[23]_i_2/O
                         net (fo=24, routed)          1.177     9.599    U_COUNTER_DATAPATH/U_TICK_GEN/tick_reg
    SLICE_X55Y15         LUT2 (Prop_lut2_I0_O)        0.124     9.723 r  U_COUNTER_DATAPATH/U_TICK_GEN/counter_reg[18]_i_1/O
                         net (fo=1, routed)           0.000     9.723    U_COUNTER_DATAPATH/U_TICK_GEN/counter_reg[18]
    SLICE_X55Y15         FDCE                                         r  U_COUNTER_DATAPATH/U_TICK_GEN/counter_reg_reg[18]/D
  -------------------------------------------------------------------    -------------------

                         (clock sys_clk_pin rise edge)
                                                     10.000    10.000 r  
    W5                                                0.000    10.000 r  clk (IN)
                         net (fo=0)                   0.000    10.000    clk
    W5                   IBUF (Prop_ibuf_I_O)         1.388    11.388 r  clk_IBUF_inst/O
                         net (fo=1, routed)           1.862    13.250    clk_IBUF
    BUFGCTRL_X0Y0        BUFG (Prop_bufg_I_O)         0.091    13.341 r  clk_IBUF_BUFG_inst/O
                         net (fo=56, routed)          1.446    14.787    U_COUNTER_DATAPATH/U_TICK_GEN/clk_IBUF_BUFG
    SLICE_X55Y15         FDCE                                         r  U_COUNTER_DATAPATH/U_TICK_GEN/counter_reg_reg[18]/C
                         clock pessimism              0.274    15.061    
                         clock uncertainty           -0.035    15.026    
    SLICE_X55Y15         FDCE (Setup_fdce_C_D)        0.029    15.055    U_COUNTER_DATAPATH/U_TICK_GEN/counter_reg_reg[18]
  -------------------------------------------------------------------
                         required time                         15.055    
                         arrival time                          -9.723    
  -------------------------------------------------------------------
                         slack                                  5.332    

Slack (MET) :             5.348ns  (required time - arrival time)
  Source:                 U_COUNTER_DATAPATH/U_TICK_GEN/counter_reg_reg[20]/C
                            (rising edge-triggered cell FDCE clocked by sys_clk_pin  {rise@0.000ns fall@5.000ns period=10.000ns})
  Destination:            U_COUNTER_DATAPATH/U_TICK_GEN/counter_reg_reg[23]/D
                            (rising edge-triggered cell FDCE clocked by sys_clk_pin  {rise@0.000ns fall@5.000ns period=10.000ns})
  Path Group:             sys_clk_pin
  Path Type:              Setup (Max at Slow Process Corner)
  Requirement:            10.000ns  (sys_clk_pin rise@10.000ns - sys_clk_pin rise@0.000ns)
  Data Path Delay:        4.666ns  (logic 1.239ns (26.556%)  route 3.427ns (73.444%))
  Logic Levels:           5  (LUT2=1 LUT4=1 LUT5=1 LUT6=2)
  Clock Path Skew:        -0.026ns (DCD - SCD + CPR)
    Destination Clock Delay (DCD):    4.787ns = ( 14.787 - 10.000 ) 
    Source Clock Delay      (SCD):    5.087ns
    Clock Pessimism Removal (CPR):    0.274ns
  Clock Uncertainty:      0.035ns  ((TSJ^2 + TIJ^2)^1/2 + DJ) / 2 + PE
    Total System Jitter     (TSJ):    0.071ns
    Total Input Jitter      (TIJ):    0.000ns
    Discrete Jitter          (DJ):    0.000ns
    Phase Error              (PE):    0.000ns

    Location             Delay type                Incr(ns)  Path(ns)    Netlist Resource(s)
  -------------------------------------------------------------------    -------------------
                         (clock sys_clk_pin rise edge)
                                                      0.000     0.000 r  
    W5                                                0.000     0.000 r  clk (IN)
                         net (fo=0)                   0.000     0.000    clk
    W5                   IBUF (Prop_ibuf_I_O)         1.458     1.458 r  clk_IBUF_inst/O
                         net (fo=1, routed)           1.967     3.425    clk_IBUF
    BUFGCTRL_X0Y0        BUFG (Prop_bufg_I_O)         0.096     3.521 r  clk_IBUF_BUFG_inst/O
                         net (fo=56, routed)          1.566     5.087    U_COUNTER_DATAPATH/U_TICK_GEN/clk_IBUF_BUFG
    SLICE_X55Y14         FDCE                                         r  U_COUNTER_DATAPATH/U_TICK_GEN/counter_reg_reg[20]/C
  -------------------------------------------------------------------    -------------------
    SLICE_X55Y14         FDCE (Prop_fdce_C_Q)         0.419     5.506 f  U_COUNTER_DATAPATH/U_TICK_GEN/counter_reg_reg[20]/Q
                         net (fo=2, routed)           0.731     6.238    U_COUNTER_DATAPATH/U_TICK_GEN/counter_reg_reg_n_0_[20]
    SLICE_X55Y15         LUT4 (Prop_lut4_I0_O)        0.296     6.534 r  U_COUNTER_DATAPATH/U_TICK_GEN/counter_reg[23]_i_7/O
                         net (fo=1, routed)           0.460     6.994    U_COUNTER_DATAPATH/U_TICK_GEN/counter_reg[23]_i_7_n_0
    SLICE_X55Y14         LUT5 (Prop_lut5_I4_O)        0.124     7.118 r  U_COUNTER_DATAPATH/U_TICK_GEN/counter_reg[23]_i_6/O
                         net (fo=1, routed)           0.572     7.689    U_COUNTER_DATAPATH/U_TICK_GEN/counter_reg[23]_i_6_n_0
    SLICE_X55Y12         LUT6 (Prop_lut6_I5_O)        0.124     7.813 r  U_COUNTER_DATAPATH/U_TICK_GEN/counter_reg[23]_i_3/O
                         net (fo=1, routed)           0.485     8.298    U_COUNTER_DATAPATH/U_TICK_GEN/counter_reg[23]_i_3_n_0
    SLICE_X55Y10         LUT6 (Prop_lut6_I0_O)        0.124     8.422 f  U_COUNTER_DATAPATH/U_TICK_GEN/counter_reg[23]_i_2/O
                         net (fo=24, routed)          1.179     9.601    U_COUNTER_DATAPATH/U_TICK_GEN/tick_reg
    SLICE_X55Y15         LUT2 (Prop_lut2_I0_O)        0.152     9.753 r  U_COUNTER_DATAPATH/U_TICK_GEN/counter_reg[23]_i_1/O
                         net (fo=1, routed)           0.000     9.753    U_COUNTER_DATAPATH/U_TICK_GEN/counter_reg[23]
    SLICE_X55Y15         FDCE                                         r  U_COUNTER_DATAPATH/U_TICK_GEN/counter_reg_reg[23]/D
  -------------------------------------------------------------------    -------------------

                         (clock sys_clk_pin rise edge)
                                                     10.000    10.000 r  
    W5                                                0.000    10.000 r  clk (IN)
                         net (fo=0)                   0.000    10.000    clk
    W5                   IBUF (Prop_ibuf_I_O)         1.388    11.388 r  clk_IBUF_inst/O
                         net (fo=1, routed)           1.862    13.250    clk_IBUF
    BUFGCTRL_X0Y0        BUFG (Prop_bufg_I_O)         0.091    13.341 r  clk_IBUF_BUFG_inst/O
                         net (fo=56, routed)          1.446    14.787    U_COUNTER_DATAPATH/U_TICK_GEN/clk_IBUF_BUFG
    SLICE_X55Y15         FDCE                                         r  U_COUNTER_DATAPATH/U_TICK_GEN/counter_reg_reg[23]/C
                         clock pessimism              0.274    15.061    
                         clock uncertainty           -0.035    15.026    
    SLICE_X55Y15         FDCE (Setup_fdce_C_D)        0.075    15.101    U_COUNTER_DATAPATH/U_TICK_GEN/counter_reg_reg[23]
  -------------------------------------------------------------------
                         required time                         15.101    
                         arrival time                          -9.753    
  -------------------------------------------------------------------
                         slack                                  5.348    

Slack (MET) :             5.350ns  (required time - arrival time)
  Source:                 U_COUNTER_DATAPATH/U_TICK_GEN/counter_reg_reg[20]/C
                            (rising edge-triggered cell FDCE clocked by sys_clk_pin  {rise@0.000ns fall@5.000ns period=10.000ns})
  Destination:            U_COUNTER_DATAPATH/U_TICK_GEN/counter_reg_reg[21]/D
                            (rising edge-triggered cell FDCE clocked by sys_clk_pin  {rise@0.000ns fall@5.000ns period=10.000ns})
  Path Group:             sys_clk_pin
  Path Type:              Setup (Max at Slow Process Corner)
  Requirement:            10.000ns  (sys_clk_pin rise@10.000ns - sys_clk_pin rise@0.000ns)
  Data Path Delay:        4.664ns  (logic 1.239ns (26.567%)  route 3.425ns (73.433%))
  Logic Levels:           5  (LUT2=1 LUT4=1 LUT5=1 LUT6=2)
  Clock Path Skew:        -0.026ns (DCD - SCD + CPR)
    Destination Clock Delay (DCD):    4.787ns = ( 14.787 - 10.000 ) 
    Source Clock Delay      (SCD):    5.087ns
    Clock Pessimism Removal (CPR):    0.274ns
  Clock Uncertainty:      0.035ns  ((TSJ^2 + TIJ^2)^1/2 + DJ) / 2 + PE
    Total System Jitter     (TSJ):    0.071ns
    Total Input Jitter      (TIJ):    0.000ns
    Discrete Jitter          (DJ):    0.000ns
    Phase Error              (PE):    0.000ns

    Location             Delay type                Incr(ns)  Path(ns)    Netlist Resource(s)
  -------------------------------------------------------------------    -------------------
                         (clock sys_clk_pin rise edge)
                                                      0.000     0.000 r  
    W5                                                0.000     0.000 r  clk (IN)
                         net (fo=0)                   0.000     0.000    clk
    W5                   IBUF (Prop_ibuf_I_O)         1.458     1.458 r  clk_IBUF_inst/O
                         net (fo=1, routed)           1.967     3.425    clk_IBUF
    BUFGCTRL_X0Y0        BUFG (Prop_bufg_I_O)         0.096     3.521 r  clk_IBUF_BUFG_inst/O
                         net (fo=56, routed)          1.566     5.087    U_COUNTER_DATAPATH/U_TICK_GEN/clk_IBUF_BUFG
    SLICE_X55Y14         FDCE                                         r  U_COUNTER_DATAPATH/U_TICK_GEN/counter_reg_reg[20]/C
  -------------------------------------------------------------------    -------------------
    SLICE_X55Y14         FDCE (Prop_fdce_C_Q)         0.419     5.506 f  U_COUNTER_DATAPATH/U_TICK_GEN/counter_reg_reg[20]/Q
                         net (fo=2, routed)           0.731     6.238    U_COUNTER_DATAPATH/U_TICK_GEN/counter_reg_reg_n_0_[20]
    SLICE_X55Y15         LUT4 (Prop_lut4_I0_O)        0.296     6.534 r  U_COUNTER_DATAPATH/U_TICK_GEN/counter_reg[23]_i_7/O
                         net (fo=1, routed)           0.460     6.994    U_COUNTER_DATAPATH/U_TICK_GEN/counter_reg[23]_i_7_n_0
    SLICE_X55Y14         LUT5 (Prop_lut5_I4_O)        0.124     7.118 r  U_COUNTER_DATAPATH/U_TICK_GEN/counter_reg[23]_i_6/O
                         net (fo=1, routed)           0.572     7.689    U_COUNTER_DATAPATH/U_TICK_GEN/counter_reg[23]_i_6_n_0
    SLICE_X55Y12         LUT6 (Prop_lut6_I5_O)        0.124     7.813 r  U_COUNTER_DATAPATH/U_TICK_GEN/counter_reg[23]_i_3/O
                         net (fo=1, routed)           0.485     8.298    U_COUNTER_DATAPATH/U_TICK_GEN/counter_reg[23]_i_3_n_0
    SLICE_X55Y10         LUT6 (Prop_lut6_I0_O)        0.124     8.422 f  U_COUNTER_DATAPATH/U_TICK_GEN/counter_reg[23]_i_2/O
                         net (fo=24, routed)          1.177     9.599    U_COUNTER_DATAPATH/U_TICK_GEN/tick_reg
    SLICE_X55Y15         LUT2 (Prop_lut2_I0_O)        0.152     9.751 r  U_COUNTER_DATAPATH/U_TICK_GEN/counter_reg[21]_i_1/O
                         net (fo=1, routed)           0.000     9.751    U_COUNTER_DATAPATH/U_TICK_GEN/counter_reg[21]
    SLICE_X55Y15         FDCE                                         r  U_COUNTER_DATAPATH/U_TICK_GEN/counter_reg_reg[21]/D
  -------------------------------------------------------------------    -------------------

                         (clock sys_clk_pin rise edge)
                                                     10.000    10.000 r  
    W5                                                0.000    10.000 r  clk (IN)
                         net (fo=0)                   0.000    10.000    clk
    W5                   IBUF (Prop_ibuf_I_O)         1.388    11.388 r  clk_IBUF_inst/O
                         net (fo=1, routed)           1.862    13.250    clk_IBUF
    BUFGCTRL_X0Y0        BUFG (Prop_bufg_I_O)         0.091    13.341 r  clk_IBUF_BUFG_inst/O
                         net (fo=56, routed)          1.446    14.787    U_COUNTER_DATAPATH/U_TICK_GEN/clk_IBUF_BUFG
    SLICE_X55Y15         FDCE                                         r  U_COUNTER_DATAPATH/U_TICK_GEN/counter_reg_reg[21]/C
                         clock pessimism              0.274    15.061    
                         clock uncertainty           -0.035    15.026    
    SLICE_X55Y15         FDCE (Setup_fdce_C_D)        0.075    15.101    U_COUNTER_DATAPATH/U_TICK_GEN/counter_reg_reg[21]
  -------------------------------------------------------------------
                         required time                         15.101    
                         arrival time                          -9.751    
  -------------------------------------------------------------------
                         slack                                  5.350    

Slack (MET) :             5.469ns  (required time - arrival time)
  Source:                 U_COUNTER_DATAPATH/U_TICK_COUNTER/counter_reg_reg[13]/C
                            (rising edge-triggered cell FDCE clocked by sys_clk_pin  {rise@0.000ns fall@5.000ns period=10.000ns})
  Destination:            U_COUNTER_DATAPATH/U_TICK_COUNTER/counter_reg_reg[13]/D
                            (rising edge-triggered cell FDCE clocked by sys_clk_pin  {rise@0.000ns fall@5.000ns period=10.000ns})
  Path Group:             sys_clk_pin
  Path Type:              Setup (Max at Slow Process Corner)
  Requirement:            10.000ns  (sys_clk_pin rise@10.000ns - sys_clk_pin rise@0.000ns)
  Data Path Delay:        4.524ns  (logic 1.056ns (23.341%)  route 3.468ns (76.659%))
  Logic Levels:           3  (LUT4=1 LUT6=2)
  Clock Path Skew:        0.000ns (DCD - SCD + CPR)
    Destination Clock Delay (DCD):    4.790ns = ( 14.790 - 10.000 ) 
    Source Clock Delay      (SCD):    5.088ns
    Clock Pessimism Removal (CPR):    0.298ns
  Clock Uncertainty:      0.035ns  ((TSJ^2 + TIJ^2)^1/2 + DJ) / 2 + PE
    Total System Jitter     (TSJ):    0.071ns
    Total Input Jitter      (TIJ):    0.000ns
    Discrete Jitter          (DJ):    0.000ns
    Phase Error              (PE):    0.000ns

    Location             Delay type                Incr(ns)  Path(ns)    Netlist Resource(s)
  -------------------------------------------------------------------    -------------------
                         (clock sys_clk_pin rise edge)
                                                      0.000     0.000 r  
    W5                                                0.000     0.000 r  clk (IN)
                         net (fo=0)                   0.000     0.000    clk
    W5                   IBUF (Prop_ibuf_I_O)         1.458     1.458 r  clk_IBUF_inst/O
                         net (fo=1, routed)           1.967     3.425    clk_IBUF
    BUFGCTRL_X0Y0        BUFG (Prop_bufg_I_O)         0.096     3.521 r  clk_IBUF_BUFG_inst/O
                         net (fo=56, routed)          1.567     5.088    U_COUNTER_DATAPATH/U_TICK_COUNTER/clk_IBUF_BUFG
    SLICE_X57Y12         FDCE                                         r  U_COUNTER_DATAPATH/U_TICK_COUNTER/counter_reg_reg[13]/C
  -------------------------------------------------------------------    -------------------
    SLICE_X57Y12         FDCE (Prop_fdce_C_Q)         0.456     5.544 f  U_COUNTER_DATAPATH/U_TICK_COUNTER/counter_reg_reg[13]/Q
                         net (fo=50, routed)          1.463     7.007    U_COUNTER_DATAPATH/U_TICK_COUNTER/Q[13]
    SLICE_X61Y9          LUT4 (Prop_lut4_I2_O)        0.150     7.157 r  U_COUNTER_DATAPATH/U_TICK_COUNTER/counter_reg[13]_i_10/O
                         net (fo=1, routed)           0.859     8.016    U_COUNTER_DATAPATH/U_TICK_COUNTER/counter_reg[13]_i_10_n_0
    SLICE_X61Y9          LUT6 (Prop_lut6_I1_O)        0.326     8.342 r  U_COUNTER_DATAPATH/U_TICK_COUNTER/counter_reg[13]_i_4/O
                         net (fo=14, routed)          1.147     9.489    U_COUNTER_DATAPATH/U_TICK_COUNTER/counter_reg[13]_i_4_n_0
    SLICE_X57Y12         LUT6 (Prop_lut6_I3_O)        0.124     9.613 r  U_COUNTER_DATAPATH/U_TICK_COUNTER/counter_reg[13]_i_2/O
                         net (fo=1, routed)           0.000     9.613    U_COUNTER_DATAPATH/U_TICK_COUNTER/p_1_in[13]
    SLICE_X57Y12         FDCE                                         r  U_COUNTER_DATAPATH/U_TICK_COUNTER/counter_reg_reg[13]/D
  -------------------------------------------------------------------    -------------------

                         (clock sys_clk_pin rise edge)
                                                     10.000    10.000 r  
    W5                                                0.000    10.000 r  clk (IN)
                         net (fo=0)                   0.000    10.000    clk
    W5                   IBUF (Prop_ibuf_I_O)         1.388    11.388 r  clk_IBUF_inst/O
                         net (fo=1, routed)           1.862    13.250    clk_IBUF
    BUFGCTRL_X0Y0        BUFG (Prop_bufg_I_O)         0.091    13.341 r  clk_IBUF_BUFG_inst/O
                         net (fo=56, routed)          1.449    14.790    U_COUNTER_DATAPATH/U_TICK_COUNTER/clk_IBUF_BUFG
    SLICE_X57Y12         FDCE                                         r  U_COUNTER_DATAPATH/U_TICK_COUNTER/counter_reg_reg[13]/C
                         clock pessimism              0.298    15.088    
                         clock uncertainty           -0.035    15.053    
    SLICE_X57Y12         FDCE (Setup_fdce_C_D)        0.029    15.082    U_COUNTER_DATAPATH/U_TICK_COUNTER/counter_reg_reg[13]
  -------------------------------------------------------------------
                         required time                         15.082    
                         arrival time                          -9.613    
  -------------------------------------------------------------------
                         slack                                  5.469    

Slack (MET) :             5.472ns  (required time - arrival time)
  Source:                 U_COUNTER_DATAPATH/U_TICK_COUNTER/counter_reg_reg[12]/C
                            (rising edge-triggered cell FDCE clocked by sys_clk_pin  {rise@0.000ns fall@5.000ns period=10.000ns})
  Destination:            U_COUNTER_DATAPATH/U_TICK_COUNTER/counter_reg_reg[4]/D
                            (rising edge-triggered cell FDCE clocked by sys_clk_pin  {rise@0.000ns fall@5.000ns period=10.000ns})
  Path Group:             sys_clk_pin
  Path Type:              Setup (Max at Slow Process Corner)
  Requirement:            10.000ns  (sys_clk_pin rise@10.000ns - sys_clk_pin rise@0.000ns)
  Data Path Delay:        4.501ns  (logic 1.058ns (23.507%)  route 3.443ns (76.493%))
  Logic Levels:           3  (LUT2=1 LUT6=2)
  Clock Path Skew:        -0.023ns (DCD - SCD + CPR)
    Destination Clock Delay (DCD):    4.857ns = ( 14.857 - 10.000 ) 
    Source Clock Delay      (SCD):    5.154ns
    Clock Pessimism Removal (CPR):    0.274ns
  Clock Uncertainty:      0.035ns  ((TSJ^2 + TIJ^2)^1/2 + DJ) / 2 + PE
    Total System Jitter     (TSJ):    0.071ns
    Total Input Jitter      (TIJ):    0.000ns
    Discrete Jitter          (DJ):    0.000ns
    Phase Error              (PE):    0.000ns

    Location             Delay type                Incr(ns)  Path(ns)    Netlist Resource(s)
  -------------------------------------------------------------------    -------------------
                         (clock sys_clk_pin rise edge)
                                                      0.000     0.000 r  
    W5                                                0.000     0.000 r  clk (IN)
                         net (fo=0)                   0.000     0.000    clk
    W5                   IBUF (Prop_ibuf_I_O)         1.458     1.458 r  clk_IBUF_inst/O
                         net (fo=1, routed)           1.967     3.425    clk_IBUF
    BUFGCTRL_X0Y0        BUFG (Prop_bufg_I_O)         0.096     3.521 r  clk_IBUF_BUFG_inst/O
                         net (fo=56, routed)          1.633     5.154    U_COUNTER_DATAPATH/U_TICK_COUNTER/clk_IBUF_BUFG
    SLICE_X61Y12         FDCE                                         r  U_COUNTER_DATAPATH/U_TICK_COUNTER/counter_reg_reg[12]/C
  -------------------------------------------------------------------    -------------------
    SLICE_X61Y12         FDCE (Prop_fdce_C_Q)         0.456     5.610 r  U_COUNTER_DATAPATH/U_TICK_COUNTER/counter_reg_reg[12]/Q
                         net (fo=46, routed)          1.671     7.281    U_COUNTER_DATAPATH/U_TICK_COUNTER/Q[12]
    SLICE_X62Y10         LUT2 (Prop_lut2_I1_O)        0.152     7.433 r  U_COUNTER_DATAPATH/U_TICK_COUNTER/counter_reg[13]_i_7/O
                         net (fo=2, routed)           0.575     8.008    U_COUNTER_DATAPATH/U_TICK_COUNTER/counter_reg[13]_i_7_n_0
    SLICE_X62Y12         LUT6 (Prop_lut6_I0_O)        0.326     8.334 f  U_COUNTER_DATAPATH/U_TICK_COUNTER/counter_reg[13]_i_3/O
                         net (fo=14, routed)          1.197     9.531    U_COUNTER_DATAPATH/U_TICK_COUNTER/counter_reg[13]_i_3_n_0
    SLICE_X58Y9          LUT6 (Prop_lut6_I2_O)        0.124     9.655 r  U_COUNTER_DATAPATH/U_TICK_COUNTER/counter_reg[4]_i_1__1/O
                         net (fo=1, routed)           0.000     9.655    U_COUNTER_DATAPATH/U_TICK_COUNTER/p_1_in[4]
    SLICE_X58Y9          FDCE                                         r  U_COUNTER_DATAPATH/U_TICK_COUNTER/counter_reg_reg[4]/D
  -------------------------------------------------------------------    -------------------

                         (clock sys_clk_pin rise edge)
                                                     10.000    10.000 r  
    W5                                                0.000    10.000 r  clk (IN)
                         net (fo=0)                   0.000    10.000    clk
    W5                   IBUF (Prop_ibuf_I_O)         1.388    11.388 r  clk_IBUF_inst/O
                         net (fo=1, routed)           1.862    13.250    clk_IBUF
    BUFGCTRL_X0Y0        BUFG (Prop_bufg_I_O)         0.091    13.341 r  clk_IBUF_BUFG_inst/O
                         net (fo=56, routed)          1.516    14.857    U_COUNTER_DATAPATH/U_TICK_COUNTER/clk_IBUF_BUFG
    SLICE_X58Y9          FDCE                                         r  U_COUNTER_DATAPATH/U_TICK_COUNTER/counter_reg_reg[4]/C
                         clock pessimism              0.274    15.131    
                         clock uncertainty           -0.035    15.096    
    SLICE_X58Y9          FDCE (Setup_fdce_C_D)        0.031    15.127    U_COUNTER_DATAPATH/U_TICK_COUNTER/counter_reg_reg[4]
  -------------------------------------------------------------------
                         required time                         15.127    
                         arrival time                          -9.655    
  -------------------------------------------------------------------
                         slack                                  5.472    

Slack (MET) :             5.504ns  (required time - arrival time)
  Source:                 U_COUNTER_DATAPATH/U_TICK_GEN/counter_reg_reg[20]/C
                            (rising edge-triggered cell FDCE clocked by sys_clk_pin  {rise@0.000ns fall@5.000ns period=10.000ns})
  Destination:            U_COUNTER_DATAPATH/U_TICK_GEN/counter_reg_reg[15]/D
                            (rising edge-triggered cell FDCE clocked by sys_clk_pin  {rise@0.000ns fall@5.000ns period=10.000ns})
  Path Group:             sys_clk_pin
  Path Type:              Setup (Max at Slow Process Corner)
  Requirement:            10.000ns  (sys_clk_pin rise@10.000ns - sys_clk_pin rise@0.000ns)
  Data Path Delay:        4.467ns  (logic 1.211ns (27.109%)  route 3.256ns (72.890%))
  Logic Levels:           5  (LUT2=1 LUT4=1 LUT5=1 LUT6=2)
  Clock Path Skew:        -0.025ns (DCD - SCD + CPR)
    Destination Clock Delay (DCD):    4.788ns = ( 14.788 - 10.000 ) 
    Source Clock Delay      (SCD):    5.087ns
    Clock Pessimism Removal (CPR):    0.274ns
  Clock Uncertainty:      0.035ns  ((TSJ^2 + TIJ^2)^1/2 + DJ) / 2 + PE
    Total System Jitter     (TSJ):    0.071ns
    Total Input Jitter      (TIJ):    0.000ns
    Discrete Jitter          (DJ):    0.000ns
    Phase Error              (PE):    0.000ns

    Location             Delay type                Incr(ns)  Path(ns)    Netlist Resource(s)
  -------------------------------------------------------------------    -------------------
                         (clock sys_clk_pin rise edge)
                                                      0.000     0.000 r  
    W5                                                0.000     0.000 r  clk (IN)
                         net (fo=0)                   0.000     0.000    clk
    W5                   IBUF (Prop_ibuf_I_O)         1.458     1.458 r  clk_IBUF_inst/O
                         net (fo=1, routed)           1.967     3.425    clk_IBUF
    BUFGCTRL_X0Y0        BUFG (Prop_bufg_I_O)         0.096     3.521 r  clk_IBUF_BUFG_inst/O
                         net (fo=56, routed)          1.566     5.087    U_COUNTER_DATAPATH/U_TICK_GEN/clk_IBUF_BUFG
    SLICE_X55Y14         FDCE                                         r  U_COUNTER_DATAPATH/U_TICK_GEN/counter_reg_reg[20]/C
  -------------------------------------------------------------------    -------------------
    SLICE_X55Y14         FDCE (Prop_fdce_C_Q)         0.419     5.506 f  U_COUNTER_DATAPATH/U_TICK_GEN/counter_reg_reg[20]/Q
                         net (fo=2, routed)           0.731     6.238    U_COUNTER_DATAPATH/U_TICK_GEN/counter_reg_reg_n_0_[20]
    SLICE_X55Y15         LUT4 (Prop_lut4_I0_O)        0.296     6.534 r  U_COUNTER_DATAPATH/U_TICK_GEN/counter_reg[23]_i_7/O
                         net (fo=1, routed)           0.460     6.994    U_COUNTER_DATAPATH/U_TICK_GEN/counter_reg[23]_i_7_n_0
    SLICE_X55Y14         LUT5 (Prop_lut5_I4_O)        0.124     7.118 r  U_COUNTER_DATAPATH/U_TICK_GEN/counter_reg[23]_i_6/O
                         net (fo=1, routed)           0.572     7.689    U_COUNTER_DATAPATH/U_TICK_GEN/counter_reg[23]_i_6_n_0
    SLICE_X55Y12         LUT6 (Prop_lut6_I5_O)        0.124     7.813 r  U_COUNTER_DATAPATH/U_TICK_GEN/counter_reg[23]_i_3/O
                         net (fo=1, routed)           0.485     8.298    U_COUNTER_DATAPATH/U_TICK_GEN/counter_reg[23]_i_3_n_0
    SLICE_X55Y10         LUT6 (Prop_lut6_I0_O)        0.124     8.422 f  U_COUNTER_DATAPATH/U_TICK_GEN/counter_reg[23]_i_2/O
                         net (fo=24, routed)          1.008     9.430    U_COUNTER_DATAPATH/U_TICK_GEN/tick_reg
    SLICE_X55Y13         LUT2 (Prop_lut2_I0_O)        0.124     9.554 r  U_COUNTER_DATAPATH/U_TICK_GEN/counter_reg[15]_i_1/O
                         net (fo=1, routed)           0.000     9.554    U_COUNTER_DATAPATH/U_TICK_GEN/counter_reg[15]
    SLICE_X55Y13         FDCE                                         r  U_COUNTER_DATAPATH/U_TICK_GEN/counter_reg_reg[15]/D
  -------------------------------------------------------------------    -------------------

                         (clock sys_clk_pin rise edge)
                                                     10.000    10.000 r  
    W5                                                0.000    10.000 r  clk (IN)
                         net (fo=0)                   0.000    10.000    clk
    W5                   IBUF (Prop_ibuf_I_O)         1.388    11.388 r  clk_IBUF_inst/O
                         net (fo=1, routed)           1.862    13.250    clk_IBUF
    BUFGCTRL_X0Y0        BUFG (Prop_bufg_I_O)         0.091    13.341 r  clk_IBUF_BUFG_inst/O
                         net (fo=56, routed)          1.447    14.788    U_COUNTER_DATAPATH/U_TICK_GEN/clk_IBUF_BUFG
    SLICE_X55Y13         FDCE                                         r  U_COUNTER_DATAPATH/U_TICK_GEN/counter_reg_reg[15]/C
                         clock pessimism              0.274    15.062    
                         clock uncertainty           -0.035    15.027    
    SLICE_X55Y13         FDCE (Setup_fdce_C_D)        0.031    15.058    U_COUNTER_DATAPATH/U_TICK_GEN/counter_reg_reg[15]
  -------------------------------------------------------------------
                         required time                         15.058    
                         arrival time                          -9.554    
  -------------------------------------------------------------------
                         slack                                  5.504    

Slack (MET) :             5.507ns  (required time - arrival time)
  Source:                 U_COUNTER_DATAPATH/U_TICK_GEN/counter_reg_reg[20]/C
                            (rising edge-triggered cell FDCE clocked by sys_clk_pin  {rise@0.000ns fall@5.000ns period=10.000ns})
  Destination:            U_COUNTER_DATAPATH/U_TICK_GEN/counter_reg_reg[19]/D
                            (rising edge-triggered cell FDCE clocked by sys_clk_pin  {rise@0.000ns fall@5.000ns period=10.000ns})
  Path Group:             sys_clk_pin
  Path Type:              Setup (Max at Slow Process Corner)
  Requirement:            10.000ns  (sys_clk_pin rise@10.000ns - sys_clk_pin rise@0.000ns)
  Data Path Delay:        4.489ns  (logic 1.211ns (26.980%)  route 3.278ns (73.020%))
  Logic Levels:           5  (LUT2=1 LUT4=1 LUT5=1 LUT6=2)
  Clock Path Skew:        0.000ns (DCD - SCD + CPR)
    Destination Clock Delay (DCD):    4.788ns = ( 14.788 - 10.000 ) 
    Source Clock Delay      (SCD):    5.087ns
    Clock Pessimism Removal (CPR):    0.299ns
  Clock Uncertainty:      0.035ns  ((TSJ^2 + TIJ^2)^1/2 + DJ) / 2 + PE
    Total System Jitter     (TSJ):    0.071ns
    Total Input Jitter      (TIJ):    0.000ns
    Discrete Jitter          (DJ):    0.000ns
    Phase Error              (PE):    0.000ns

    Location             Delay type                Incr(ns)  Path(ns)    Netlist Resource(s)
  -------------------------------------------------------------------    -------------------
                         (clock sys_clk_pin rise edge)
                                                      0.000     0.000 r  
    W5                                                0.000     0.000 r  clk (IN)
                         net (fo=0)                   0.000     0.000    clk
    W5                   IBUF (Prop_ibuf_I_O)         1.458     1.458 r  clk_IBUF_inst/O
                         net (fo=1, routed)           1.967     3.425    clk_IBUF
    BUFGCTRL_X0Y0        BUFG (Prop_bufg_I_O)         0.096     3.521 r  clk_IBUF_BUFG_inst/O
                         net (fo=56, routed)          1.566     5.087    U_COUNTER_DATAPATH/U_TICK_GEN/clk_IBUF_BUFG
    SLICE_X55Y14         FDCE                                         r  U_COUNTER_DATAPATH/U_TICK_GEN/counter_reg_reg[20]/C
  -------------------------------------------------------------------    -------------------
    SLICE_X55Y14         FDCE (Prop_fdce_C_Q)         0.419     5.506 f  U_COUNTER_DATAPATH/U_TICK_GEN/counter_reg_reg[20]/Q
                         net (fo=2, routed)           0.731     6.238    U_COUNTER_DATAPATH/U_TICK_GEN/counter_reg_reg_n_0_[20]
    SLICE_X55Y15         LUT4 (Prop_lut4_I0_O)        0.296     6.534 r  U_COUNTER_DATAPATH/U_TICK_GEN/counter_reg[23]_i_7/O
                         net (fo=1, routed)           0.460     6.994    U_COUNTER_DATAPATH/U_TICK_GEN/counter_reg[23]_i_7_n_0
    SLICE_X55Y14         LUT5 (Prop_lut5_I4_O)        0.124     7.118 r  U_COUNTER_DATAPATH/U_TICK_GEN/counter_reg[23]_i_6/O
                         net (fo=1, routed)           0.572     7.689    U_COUNTER_DATAPATH/U_TICK_GEN/counter_reg[23]_i_6_n_0
    SLICE_X55Y12         LUT6 (Prop_lut6_I5_O)        0.124     7.813 r  U_COUNTER_DATAPATH/U_TICK_GEN/counter_reg[23]_i_3/O
                         net (fo=1, routed)           0.485     8.298    U_COUNTER_DATAPATH/U_TICK_GEN/counter_reg[23]_i_3_n_0
    SLICE_X55Y10         LUT6 (Prop_lut6_I0_O)        0.124     8.422 f  U_COUNTER_DATAPATH/U_TICK_GEN/counter_reg[23]_i_2/O
                         net (fo=24, routed)          1.030     9.452    U_COUNTER_DATAPATH/U_TICK_GEN/tick_reg
    SLICE_X55Y14         LUT2 (Prop_lut2_I0_O)        0.124     9.576 r  U_COUNTER_DATAPATH/U_TICK_GEN/counter_reg[19]_i_1/O
                         net (fo=1, routed)           0.000     9.576    U_COUNTER_DATAPATH/U_TICK_GEN/counter_reg[19]
    SLICE_X55Y14         FDCE                                         r  U_COUNTER_DATAPATH/U_TICK_GEN/counter_reg_reg[19]/D
  -------------------------------------------------------------------    -------------------

                         (clock sys_clk_pin rise edge)
                                                     10.000    10.000 r  
    W5                                                0.000    10.000 r  clk (IN)
                         net (fo=0)                   0.000    10.000    clk
    W5                   IBUF (Prop_ibuf_I_O)         1.388    11.388 r  clk_IBUF_inst/O
                         net (fo=1, routed)           1.862    13.250    clk_IBUF
    BUFGCTRL_X0Y0        BUFG (Prop_bufg_I_O)         0.091    13.341 r  clk_IBUF_BUFG_inst/O
                         net (fo=56, routed)          1.447    14.788    U_COUNTER_DATAPATH/U_TICK_GEN/clk_IBUF_BUFG
    SLICE_X55Y14         FDCE                                         r  U_COUNTER_DATAPATH/U_TICK_GEN/counter_reg_reg[19]/C
                         clock pessimism              0.299    15.087    
                         clock uncertainty           -0.035    15.052    
    SLICE_X55Y14         FDCE (Setup_fdce_C_D)        0.031    15.083    U_COUNTER_DATAPATH/U_TICK_GEN/counter_reg_reg[19]
  -------------------------------------------------------------------
                         required time                         15.083    
                         arrival time                          -9.576    
  -------------------------------------------------------------------
                         slack                                  5.507    

Slack (MET) :             5.507ns  (required time - arrival time)
  Source:                 U_COUNTER_DATAPATH/U_TICK_GEN/counter_reg_reg[20]/C
                            (rising edge-triggered cell FDCE clocked by sys_clk_pin  {rise@0.000ns fall@5.000ns period=10.000ns})
  Destination:            U_COUNTER_DATAPATH/U_TICK_GEN/counter_reg_reg[14]/D
                            (rising edge-triggered cell FDCE clocked by sys_clk_pin  {rise@0.000ns fall@5.000ns period=10.000ns})
  Path Group:             sys_clk_pin
  Path Type:              Setup (Max at Slow Process Corner)
  Requirement:            10.000ns  (sys_clk_pin rise@10.000ns - sys_clk_pin rise@0.000ns)
  Data Path Delay:        4.487ns  (logic 1.211ns (26.992%)  route 3.276ns (73.008%))
  Logic Levels:           5  (LUT2=1 LUT4=1 LUT5=1 LUT6=2)
  Clock Path Skew:        0.000ns (DCD - SCD + CPR)
    Destination Clock Delay (DCD):    4.788ns = ( 14.788 - 10.000 ) 
    Source Clock Delay      (SCD):    5.087ns
    Clock Pessimism Removal (CPR):    0.299ns
  Clock Uncertainty:      0.035ns  ((TSJ^2 + TIJ^2)^1/2 + DJ) / 2 + PE
    Total System Jitter     (TSJ):    0.071ns
    Total Input Jitter      (TIJ):    0.000ns
    Discrete Jitter          (DJ):    0.000ns
    Phase Error              (PE):    0.000ns

    Location             Delay type                Incr(ns)  Path(ns)    Netlist Resource(s)
  -------------------------------------------------------------------    -------------------
                         (clock sys_clk_pin rise edge)
                                                      0.000     0.000 r  
    W5                                                0.000     0.000 r  clk (IN)
                         net (fo=0)                   0.000     0.000    clk
    W5                   IBUF (Prop_ibuf_I_O)         1.458     1.458 r  clk_IBUF_inst/O
                         net (fo=1, routed)           1.967     3.425    clk_IBUF
    BUFGCTRL_X0Y0        BUFG (Prop_bufg_I_O)         0.096     3.521 r  clk_IBUF_BUFG_inst/O
                         net (fo=56, routed)          1.566     5.087    U_COUNTER_DATAPATH/U_TICK_GEN/clk_IBUF_BUFG
    SLICE_X55Y14         FDCE                                         r  U_COUNTER_DATAPATH/U_TICK_GEN/counter_reg_reg[20]/C
  -------------------------------------------------------------------    -------------------
    SLICE_X55Y14         FDCE (Prop_fdce_C_Q)         0.419     5.506 f  U_COUNTER_DATAPATH/U_TICK_GEN/counter_reg_reg[20]/Q
                         net (fo=2, routed)           0.731     6.238    U_COUNTER_DATAPATH/U_TICK_GEN/counter_reg_reg_n_0_[20]
    SLICE_X55Y15         LUT4 (Prop_lut4_I0_O)        0.296     6.534 r  U_COUNTER_DATAPATH/U_TICK_GEN/counter_reg[23]_i_7/O
                         net (fo=1, routed)           0.460     6.994    U_COUNTER_DATAPATH/U_TICK_GEN/counter_reg[23]_i_7_n_0
    SLICE_X55Y14         LUT5 (Prop_lut5_I4_O)        0.124     7.118 r  U_COUNTER_DATAPATH/U_TICK_GEN/counter_reg[23]_i_6/O
                         net (fo=1, routed)           0.572     7.689    U_COUNTER_DATAPATH/U_TICK_GEN/counter_reg[23]_i_6_n_0
    SLICE_X55Y12         LUT6 (Prop_lut6_I5_O)        0.124     7.813 r  U_COUNTER_DATAPATH/U_TICK_GEN/counter_reg[23]_i_3/O
                         net (fo=1, routed)           0.485     8.298    U_COUNTER_DATAPATH/U_TICK_GEN/counter_reg[23]_i_3_n_0
    SLICE_X55Y10         LUT6 (Prop_lut6_I0_O)        0.124     8.422 f  U_COUNTER_DATAPATH/U_TICK_GEN/counter_reg[23]_i_2/O
                         net (fo=24, routed)          1.028     9.450    U_COUNTER_DATAPATH/U_TICK_GEN/tick_reg
    SLICE_X55Y14         LUT2 (Prop_lut2_I0_O)        0.124     9.574 r  U_COUNTER_DATAPATH/U_TICK_GEN/counter_reg[14]_i_1/O
                         net (fo=1, routed)           0.000     9.574    U_COUNTER_DATAPATH/U_TICK_GEN/counter_reg[14]
    SLICE_X55Y14         FDCE                                         r  U_COUNTER_DATAPATH/U_TICK_GEN/counter_reg_reg[14]/D
  -------------------------------------------------------------------    -------------------

                         (clock sys_clk_pin rise edge)
                                                     10.000    10.000 r  
    W5                                                0.000    10.000 r  clk (IN)
                         net (fo=0)                   0.000    10.000    clk
    W5                   IBUF (Prop_ibuf_I_O)         1.388    11.388 r  clk_IBUF_inst/O
                         net (fo=1, routed)           1.862    13.250    clk_IBUF
    BUFGCTRL_X0Y0        BUFG (Prop_bufg_I_O)         0.091    13.341 r  clk_IBUF_BUFG_inst/O
                         net (fo=56, routed)          1.447    14.788    U_COUNTER_DATAPATH/U_TICK_GEN/clk_IBUF_BUFG
    SLICE_X55Y14         FDCE                                         r  U_COUNTER_DATAPATH/U_TICK_GEN/counter_reg_reg[14]/C
                         clock pessimism              0.299    15.087    
                         clock uncertainty           -0.035    15.052    
    SLICE_X55Y14         FDCE (Setup_fdce_C_D)        0.029    15.081    U_COUNTER_DATAPATH/U_TICK_GEN/counter_reg_reg[14]
  -------------------------------------------------------------------
                         required time                         15.081    
                         arrival time                          -9.574    
  -------------------------------------------------------------------
                         slack                                  5.507    

Slack (MET) :             5.520ns  (required time - arrival time)
  Source:                 U_COUNTER_DATAPATH/U_TICK_GEN/counter_reg_reg[20]/C
                            (rising edge-triggered cell FDCE clocked by sys_clk_pin  {rise@0.000ns fall@5.000ns period=10.000ns})
  Destination:            U_COUNTER_DATAPATH/U_TICK_GEN/counter_reg_reg[16]/D
                            (rising edge-triggered cell FDCE clocked by sys_clk_pin  {rise@0.000ns fall@5.000ns period=10.000ns})
  Path Group:             sys_clk_pin
  Path Type:              Setup (Max at Slow Process Corner)
  Requirement:            10.000ns  (sys_clk_pin rise@10.000ns - sys_clk_pin rise@0.000ns)
  Data Path Delay:        4.495ns  (logic 1.239ns (27.564%)  route 3.256ns (72.436%))
  Logic Levels:           5  (LUT2=1 LUT4=1 LUT5=1 LUT6=2)
  Clock Path Skew:        -0.025ns (DCD - SCD + CPR)
    Destination Clock Delay (DCD):    4.788ns = ( 14.788 - 10.000 ) 
    Source Clock Delay      (SCD):    5.087ns
    Clock Pessimism Removal (CPR):    0.274ns
  Clock Uncertainty:      0.035ns  ((TSJ^2 + TIJ^2)^1/2 + DJ) / 2 + PE
    Total System Jitter     (TSJ):    0.071ns
    Total Input Jitter      (TIJ):    0.000ns
    Discrete Jitter          (DJ):    0.000ns
    Phase Error              (PE):    0.000ns

    Location             Delay type                Incr(ns)  Path(ns)    Netlist Resource(s)
  -------------------------------------------------------------------    -------------------
                         (clock sys_clk_pin rise edge)
                                                      0.000     0.000 r  
    W5                                                0.000     0.000 r  clk (IN)
                         net (fo=0)                   0.000     0.000    clk
    W5                   IBUF (Prop_ibuf_I_O)         1.458     1.458 r  clk_IBUF_inst/O
                         net (fo=1, routed)           1.967     3.425    clk_IBUF
    BUFGCTRL_X0Y0        BUFG (Prop_bufg_I_O)         0.096     3.521 r  clk_IBUF_BUFG_inst/O
                         net (fo=56, routed)          1.566     5.087    U_COUNTER_DATAPATH/U_TICK_GEN/clk_IBUF_BUFG
    SLICE_X55Y14         FDCE                                         r  U_COUNTER_DATAPATH/U_TICK_GEN/counter_reg_reg[20]/C
  -------------------------------------------------------------------    -------------------
    SLICE_X55Y14         FDCE (Prop_fdce_C_Q)         0.419     5.506 f  U_COUNTER_DATAPATH/U_TICK_GEN/counter_reg_reg[20]/Q
                         net (fo=2, routed)           0.731     6.238    U_COUNTER_DATAPATH/U_TICK_GEN/counter_reg_reg_n_0_[20]
    SLICE_X55Y15         LUT4 (Prop_lut4_I0_O)        0.296     6.534 r  U_COUNTER_DATAPATH/U_TICK_GEN/counter_reg[23]_i_7/O
                         net (fo=1, routed)           0.460     6.994    U_COUNTER_DATAPATH/U_TICK_GEN/counter_reg[23]_i_7_n_0
    SLICE_X55Y14         LUT5 (Prop_lut5_I4_O)        0.124     7.118 r  U_COUNTER_DATAPATH/U_TICK_GEN/counter_reg[23]_i_6/O
                         net (fo=1, routed)           0.572     7.689    U_COUNTER_DATAPATH/U_TICK_GEN/counter_reg[23]_i_6_n_0
    SLICE_X55Y12         LUT6 (Prop_lut6_I5_O)        0.124     7.813 r  U_COUNTER_DATAPATH/U_TICK_GEN/counter_reg[23]_i_3/O
                         net (fo=1, routed)           0.485     8.298    U_COUNTER_DATAPATH/U_TICK_GEN/counter_reg[23]_i_3_n_0
    SLICE_X55Y10         LUT6 (Prop_lut6_I0_O)        0.124     8.422 f  U_COUNTER_DATAPATH/U_TICK_GEN/counter_reg[23]_i_2/O
                         net (fo=24, routed)          1.008     9.430    U_COUNTER_DATAPATH/U_TICK_GEN/tick_reg
    SLICE_X55Y13         LUT2 (Prop_lut2_I0_O)        0.152     9.582 r  U_COUNTER_DATAPATH/U_TICK_GEN/counter_reg[16]_i_1/O
                         net (fo=1, routed)           0.000     9.582    U_COUNTER_DATAPATH/U_TICK_GEN/counter_reg[16]
    SLICE_X55Y13         FDCE                                         r  U_COUNTER_DATAPATH/U_TICK_GEN/counter_reg_reg[16]/D
  -------------------------------------------------------------------    -------------------

                         (clock sys_clk_pin rise edge)
                                                     10.000    10.000 r  
    W5                                                0.000    10.000 r  clk (IN)
                         net (fo=0)                   0.000    10.000    clk
    W5                   IBUF (Prop_ibuf_I_O)         1.388    11.388 r  clk_IBUF_inst/O
                         net (fo=1, routed)           1.862    13.250    clk_IBUF
    BUFGCTRL_X0Y0        BUFG (Prop_bufg_I_O)         0.091    13.341 r  clk_IBUF_BUFG_inst/O
                         net (fo=56, routed)          1.447    14.788    U_COUNTER_DATAPATH/U_TICK_GEN/clk_IBUF_BUFG
    SLICE_X55Y13         FDCE                                         r  U_COUNTER_DATAPATH/U_TICK_GEN/counter_reg_reg[16]/C
                         clock pessimism              0.274    15.062    
                         clock uncertainty           -0.035    15.027    
    SLICE_X55Y13         FDCE (Setup_fdce_C_D)        0.075    15.102    U_COUNTER_DATAPATH/U_TICK_GEN/counter_reg_reg[16]
  -------------------------------------------------------------------
                         required time                         15.102    
                         arrival time                          -9.582    
  -------------------------------------------------------------------
                         slack                                  5.520    





Min Delay Paths
--------------------------------------------------------------------------------------
Slack (MET) :             0.336ns  (arrival time - required time)
  Source:                 U_FND_CONTROLLER/U_CLK_DIV_800HZ/counter_reg_reg[0]/C
                            (rising edge-triggered cell FDCE clocked by sys_clk_pin  {rise@0.000ns fall@5.000ns period=10.000ns})
  Destination:            U_FND_CONTROLLER/U_CLK_DIV_800HZ/counter_reg_reg[0]/D
                            (rising edge-triggered cell FDCE clocked by sys_clk_pin  {rise@0.000ns fall@5.000ns period=10.000ns})
  Path Group:             sys_clk_pin
  Path Type:              Hold (Min at Fast Process Corner)
  Requirement:            0.000ns  (sys_clk_pin rise@0.000ns - sys_clk_pin rise@0.000ns)
  Data Path Delay:        0.428ns  (logic 0.186ns (43.410%)  route 0.242ns (56.590%))
  Logic Levels:           1  (LUT1=1)
  Clock Path Skew:        0.000ns (DCD - SCD - CPR)
    Destination Clock Delay (DCD):    1.982ns
    Source Clock Delay      (SCD):    1.469ns
    Clock Pessimism Removal (CPR):    0.513ns

    Location             Delay type                Incr(ns)  Path(ns)    Netlist Resource(s)
  -------------------------------------------------------------------    -------------------
                         (clock sys_clk_pin rise edge)
                                                      0.000     0.000 r  
    W5                                                0.000     0.000 r  clk (IN)
                         net (fo=0)                   0.000     0.000    clk
    W5                   IBUF (Prop_ibuf_I_O)         0.226     0.226 r  clk_IBUF_inst/O
                         net (fo=1, routed)           0.631     0.858    clk_IBUF
    BUFGCTRL_X0Y0        BUFG (Prop_bufg_I_O)         0.026     0.884 r  clk_IBUF_BUFG_inst/O
                         net (fo=56, routed)          0.586     1.469    U_FND_CONTROLLER/U_CLK_DIV_800HZ/clk_IBUF_BUFG
    SLICE_X62Y20         FDCE                                         r  U_FND_CONTROLLER/U_CLK_DIV_800HZ/counter_reg_reg[0]/C
  -------------------------------------------------------------------    -------------------
    SLICE_X62Y20         FDCE (Prop_fdce_C_Q)         0.141     1.610 f  U_FND_CONTROLLER/U_CLK_DIV_800HZ/counter_reg_reg[0]/Q
                         net (fo=3, routed)           0.242     1.853    U_FND_CONTROLLER/U_CLK_DIV_800HZ/counter_reg_reg_n_0_[0]
    SLICE_X62Y20         LUT1 (Prop_lut1_I0_O)        0.045     1.898 r  U_FND_CONTROLLER/U_CLK_DIV_800HZ/counter_reg[0]_i_1__1/O
                         net (fo=1, routed)           0.000     1.898    U_FND_CONTROLLER/U_CLK_DIV_800HZ/counter_reg[0]
    SLICE_X62Y20         FDCE                                         r  U_FND_CONTROLLER/U_CLK_DIV_800HZ/counter_reg_reg[0]/D
  -------------------------------------------------------------------    -------------------

                         (clock sys_clk_pin rise edge)
                                                      0.000     0.000 r  
    W5                                                0.000     0.000 r  clk (IN)
                         net (fo=0)                   0.000     0.000    clk
    W5                   IBUF (Prop_ibuf_I_O)         0.414     0.414 r  clk_IBUF_inst/O
                         net (fo=1, routed)           0.685     1.099    clk_IBUF
    BUFGCTRL_X0Y0        BUFG (Prop_bufg_I_O)         0.029     1.128 r  clk_IBUF_BUFG_inst/O
                         net (fo=56, routed)          0.855     1.982    U_FND_CONTROLLER/U_CLK_DIV_800HZ/clk_IBUF_BUFG
    SLICE_X62Y20         FDCE                                         r  U_FND_CONTROLLER/U_CLK_DIV_800HZ/counter_reg_reg[0]/C
                         clock pessimism             -0.513     1.469    
    SLICE_X62Y20         FDCE (Hold_fdce_C_D)         0.092     1.561    U_FND_CONTROLLER/U_CLK_DIV_800HZ/counter_reg_reg[0]
  -------------------------------------------------------------------
                         required time                         -1.561    
                         arrival time                           1.898    
  -------------------------------------------------------------------
                         slack                                  0.336    

Slack (MET) :             0.337ns  (arrival time - required time)
  Source:                 U_COUNTER_DATAPATH/U_TICK_GEN/counter_reg_reg[0]/C
                            (rising edge-triggered cell FDCE clocked by sys_clk_pin  {rise@0.000ns fall@5.000ns period=10.000ns})
  Destination:            U_COUNTER_DATAPATH/U_TICK_GEN/counter_reg_reg[0]/D
                            (rising edge-triggered cell FDCE clocked by sys_clk_pin  {rise@0.000ns fall@5.000ns period=10.000ns})
  Path Group:             sys_clk_pin
  Path Type:              Hold (Min at Fast Process Corner)
  Requirement:            0.000ns  (sys_clk_pin rise@0.000ns - sys_clk_pin rise@0.000ns)
  Data Path Delay:        0.429ns  (logic 0.186ns (43.322%)  route 0.243ns (56.678%))
  Logic Levels:           1  (LUT1=1)
  Clock Path Skew:        0.000ns (DCD - SCD - CPR)
    Destination Clock Delay (DCD):    1.962ns
    Source Clock Delay      (SCD):    1.447ns
    Clock Pessimism Removal (CPR):    0.515ns

    Location             Delay type                Incr(ns)  Path(ns)    Netlist Resource(s)
  -------------------------------------------------------------------    -------------------
                         (clock sys_clk_pin rise edge)
                                                      0.000     0.000 r  
    W5                                                0.000     0.000 r  clk (IN)
                         net (fo=0)                   0.000     0.000    clk
    W5                   IBUF (Prop_ibuf_I_O)         0.226     0.226 r  clk_IBUF_inst/O
                         net (fo=1, routed)           0.631     0.858    clk_IBUF
    BUFGCTRL_X0Y0        BUFG (Prop_bufg_I_O)         0.026     0.884 r  clk_IBUF_BUFG_inst/O
                         net (fo=56, routed)          0.564     1.447    U_COUNTER_DATAPATH/U_TICK_GEN/clk_IBUF_BUFG
    SLICE_X55Y10         FDCE                                         r  U_COUNTER_DATAPATH/U_TICK_GEN/counter_reg_reg[0]/C
  -------------------------------------------------------------------    -------------------
    SLICE_X55Y10         FDCE (Prop_fdce_C_Q)         0.141     1.588 f  U_COUNTER_DATAPATH/U_TICK_GEN/counter_reg_reg[0]/Q
                         net (fo=3, routed)           0.243     1.831    U_COUNTER_DATAPATH/U_TICK_GEN/counter_reg_reg_n_0_[0]
    SLICE_X55Y10         LUT1 (Prop_lut1_I0_O)        0.045     1.876 r  U_COUNTER_DATAPATH/U_TICK_GEN/counter_reg[0]_i_1__0/O
                         net (fo=1, routed)           0.000     1.876    U_COUNTER_DATAPATH/U_TICK_GEN/counter_reg[0]
    SLICE_X55Y10         FDCE                                         r  U_COUNTER_DATAPATH/U_TICK_GEN/counter_reg_reg[0]/D
  -------------------------------------------------------------------    -------------------

                         (clock sys_clk_pin rise edge)
                                                      0.000     0.000 r  
    W5                                                0.000     0.000 r  clk (IN)
                         net (fo=0)                   0.000     0.000    clk
    W5                   IBUF (Prop_ibuf_I_O)         0.414     0.414 r  clk_IBUF_inst/O
                         net (fo=1, routed)           0.685     1.099    clk_IBUF
    BUFGCTRL_X0Y0        BUFG (Prop_bufg_I_O)         0.029     1.128 r  clk_IBUF_BUFG_inst/O
                         net (fo=56, routed)          0.835     1.962    U_COUNTER_DATAPATH/U_TICK_GEN/clk_IBUF_BUFG
    SLICE_X55Y10         FDCE                                         r  U_COUNTER_DATAPATH/U_TICK_GEN/counter_reg_reg[0]/C
                         clock pessimism             -0.515     1.447    
    SLICE_X55Y10         FDCE (Hold_fdce_C_D)         0.092     1.539    U_COUNTER_DATAPATH/U_TICK_GEN/counter_reg_reg[0]
  -------------------------------------------------------------------
                         required time                         -1.539    
                         arrival time                           1.876    
  -------------------------------------------------------------------
                         slack                                  0.337    

Slack (MET) :             0.337ns  (arrival time - required time)
  Source:                 U_COUNTER_DATAPATH/U_TICK_COUNTER/counter_reg_reg[0]/C
                            (rising edge-triggered cell FDCE clocked by sys_clk_pin  {rise@0.000ns fall@5.000ns period=10.000ns})
  Destination:            U_COUNTER_DATAPATH/U_TICK_COUNTER/counter_reg_reg[0]/D
                            (rising edge-triggered cell FDCE clocked by sys_clk_pin  {rise@0.000ns fall@5.000ns period=10.000ns})
  Path Group:             sys_clk_pin
  Path Type:              Hold (Min at Fast Process Corner)
  Requirement:            0.000ns  (sys_clk_pin rise@0.000ns - sys_clk_pin rise@0.000ns)
  Data Path Delay:        0.429ns  (logic 0.186ns (43.319%)  route 0.243ns (56.681%))
  Logic Levels:           1  (LUT5=1)
  Clock Path Skew:        0.000ns (DCD - SCD - CPR)
    Destination Clock Delay (DCD):    1.962ns
    Source Clock Delay      (SCD):    1.449ns
    Clock Pessimism Removal (CPR):    0.513ns

    Location             Delay type                Incr(ns)  Path(ns)    Netlist Resource(s)
  -------------------------------------------------------------------    -------------------
                         (clock sys_clk_pin rise edge)
                                                      0.000     0.000 r  
    W5                                                0.000     0.000 r  clk (IN)
                         net (fo=0)                   0.000     0.000    clk
    W5                   IBUF (Prop_ibuf_I_O)         0.226     0.226 r  clk_IBUF_inst/O
                         net (fo=1, routed)           0.631     0.858    clk_IBUF
    BUFGCTRL_X0Y0        BUFG (Prop_bufg_I_O)         0.026     0.884 r  clk_IBUF_BUFG_inst/O
                         net (fo=56, routed)          0.566     1.449    U_COUNTER_DATAPATH/U_TICK_COUNTER/clk_IBUF_BUFG
    SLICE_X57Y10         FDCE                                         r  U_COUNTER_DATAPATH/U_TICK_COUNTER/counter_reg_reg[0]/C
  -------------------------------------------------------------------    -------------------
    SLICE_X57Y10         FDCE (Prop_fdce_C_Q)         0.141     1.590 f  U_COUNTER_DATAPATH/U_TICK_COUNTER/counter_reg_reg[0]/Q
                         net (fo=15, routed)          0.243     1.834    U_COUNTER_DATAPATH/U_TICK_COUNTER/Q[0]
    SLICE_X57Y10         LUT5 (Prop_lut5_I4_O)        0.045     1.879 r  U_COUNTER_DATAPATH/U_TICK_COUNTER/counter_reg[0]_i_1__2/O
                         net (fo=1, routed)           0.000     1.879    U_COUNTER_DATAPATH/U_TICK_COUNTER/p_1_in[0]
    SLICE_X57Y10         FDCE                                         r  U_COUNTER_DATAPATH/U_TICK_COUNTER/counter_reg_reg[0]/D
  -------------------------------------------------------------------    -------------------

                         (clock sys_clk_pin rise edge)
                                                      0.000     0.000 r  
    W5                                                0.000     0.000 r  clk (IN)
                         net (fo=0)                   0.000     0.000    clk
    W5                   IBUF (Prop_ibuf_I_O)         0.414     0.414 r  clk_IBUF_inst/O
                         net (fo=1, routed)           0.685     1.099    clk_IBUF
    BUFGCTRL_X0Y0        BUFG (Prop_bufg_I_O)         0.029     1.128 r  clk_IBUF_BUFG_inst/O
                         net (fo=56, routed)          0.835     1.962    U_COUNTER_DATAPATH/U_TICK_COUNTER/clk_IBUF_BUFG
    SLICE_X57Y10         FDCE                                         r  U_COUNTER_DATAPATH/U_TICK_COUNTER/counter_reg_reg[0]/C
                         clock pessimism             -0.513     1.449    
    SLICE_X57Y10         FDCE (Hold_fdce_C_D)         0.092     1.541    U_COUNTER_DATAPATH/U_TICK_COUNTER/counter_reg_reg[0]
  -------------------------------------------------------------------
                         required time                         -1.541    
                         arrival time                           1.879    
  -------------------------------------------------------------------
                         slack                                  0.337    

Slack (MET) :             0.417ns  (arrival time - required time)
  Source:                 U_FND_CONTROLLER/U_CLK_DIV_800HZ/o_clk_800hz_reg/C
                            (rising edge-triggered cell FDCE clocked by sys_clk_pin  {rise@0.000ns fall@5.000ns period=10.000ns})
  Destination:            U_FND_CONTROLLER/U_CLK_DIV_800HZ/o_clk_800hz_reg/D
                            (rising edge-triggered cell FDCE clocked by sys_clk_pin  {rise@0.000ns fall@5.000ns period=10.000ns})
  Path Group:             sys_clk_pin
  Path Type:              Hold (Min at Fast Process Corner)
  Requirement:            0.000ns  (sys_clk_pin rise@0.000ns - sys_clk_pin rise@0.000ns)
  Data Path Delay:        0.524ns  (logic 0.226ns (43.099%)  route 0.298ns (56.901%))
  Logic Levels:           1  (LUT2=1)
  Clock Path Skew:        0.000ns (DCD - SCD - CPR)
    Destination Clock Delay (DCD):    1.982ns
    Source Clock Delay      (SCD):    1.469ns
    Clock Pessimism Removal (CPR):    0.513ns

    Location             Delay type                Incr(ns)  Path(ns)    Netlist Resource(s)
  -------------------------------------------------------------------    -------------------
                         (clock sys_clk_pin rise edge)
                                                      0.000     0.000 r  
    W5                                                0.000     0.000 r  clk (IN)
                         net (fo=0)                   0.000     0.000    clk
    W5                   IBUF (Prop_ibuf_I_O)         0.226     0.226 r  clk_IBUF_inst/O
                         net (fo=1, routed)           0.631     0.858    clk_IBUF
    BUFGCTRL_X0Y0        BUFG (Prop_bufg_I_O)         0.026     0.884 r  clk_IBUF_BUFG_inst/O
                         net (fo=56, routed)          0.586     1.469    U_FND_CONTROLLER/U_CLK_DIV_800HZ/clk_IBUF_BUFG
    SLICE_X62Y20         FDCE                                         r  U_FND_CONTROLLER/U_CLK_DIV_800HZ/o_clk_800hz_reg/C
  -------------------------------------------------------------------    -------------------
    SLICE_X62Y20         FDCE (Prop_fdce_C_Q)         0.128     1.597 r  U_FND_CONTROLLER/U_CLK_DIV_800HZ/o_clk_800hz_reg/Q
                         net (fo=3, routed)           0.298     1.895    U_FND_CONTROLLER/U_CLK_DIV_800HZ/CLK
    SLICE_X62Y20         LUT2 (Prop_lut2_I1_O)        0.098     1.993 r  U_FND_CONTROLLER/U_CLK_DIV_800HZ/o_clk_800hz_i_1/O
                         net (fo=1, routed)           0.000     1.993    U_FND_CONTROLLER/U_CLK_DIV_800HZ/o_clk_800hz_i_1_n_0
    SLICE_X62Y20         FDCE                                         r  U_FND_CONTROLLER/U_CLK_DIV_800HZ/o_clk_800hz_reg/D
  -------------------------------------------------------------------    -------------------

                         (clock sys_clk_pin rise edge)
                                                      0.000     0.000 r  
    W5                                                0.000     0.000 r  clk (IN)
                         net (fo=0)                   0.000     0.000    clk
    W5                   IBUF (Prop_ibuf_I_O)         0.414     0.414 r  clk_IBUF_inst/O
                         net (fo=1, routed)           0.685     1.099    clk_IBUF
    BUFGCTRL_X0Y0        BUFG (Prop_bufg_I_O)         0.029     1.128 r  clk_IBUF_BUFG_inst/O
                         net (fo=56, routed)          0.855     1.982    U_FND_CONTROLLER/U_CLK_DIV_800HZ/clk_IBUF_BUFG
    SLICE_X62Y20         FDCE                                         r  U_FND_CONTROLLER/U_CLK_DIV_800HZ/o_clk_800hz_reg/C
                         clock pessimism             -0.513     1.469    
    SLICE_X62Y20         FDCE (Hold_fdce_C_D)         0.107     1.576    U_FND_CONTROLLER/U_CLK_DIV_800HZ/o_clk_800hz_reg
  -------------------------------------------------------------------
                         required time                         -1.576    
                         arrival time                           1.993    
  -------------------------------------------------------------------
                         slack                                  0.417    

Slack (MET) :             0.457ns  (arrival time - required time)
  Source:                 U_COUNTER_DATAPATH/U_TICK_GEN/counter_reg_reg[1]/C
                            (rising edge-triggered cell FDCE clocked by sys_clk_pin  {rise@0.000ns fall@5.000ns period=10.000ns})
  Destination:            U_COUNTER_DATAPATH/U_TICK_GEN/counter_reg_reg[5]/D
                            (rising edge-triggered cell FDCE clocked by sys_clk_pin  {rise@0.000ns fall@5.000ns period=10.000ns})
  Path Group:             sys_clk_pin
  Path Type:              Hold (Min at Fast Process Corner)
  Requirement:            0.000ns  (sys_clk_pin rise@0.000ns - sys_clk_pin rise@0.000ns)
  Data Path Delay:        0.565ns  (logic 0.231ns (40.862%)  route 0.334ns (59.138%))
  Logic Levels:           2  (LUT2=1 LUT6=1)
  Clock Path Skew:        0.016ns (DCD - SCD - CPR)
    Destination Clock Delay (DCD):    1.962ns
    Source Clock Delay      (SCD):    1.447ns
    Clock Pessimism Removal (CPR):    0.499ns

    Location             Delay type                Incr(ns)  Path(ns)    Netlist Resource(s)
  -------------------------------------------------------------------    -------------------
                         (clock sys_clk_pin rise edge)
                                                      0.000     0.000 r  
    W5                                                0.000     0.000 r  clk (IN)
                         net (fo=0)                   0.000     0.000    clk
    W5                   IBUF (Prop_ibuf_I_O)         0.226     0.226 r  clk_IBUF_inst/O
                         net (fo=1, routed)           0.631     0.858    clk_IBUF
    BUFGCTRL_X0Y0        BUFG (Prop_bufg_I_O)         0.026     0.884 r  clk_IBUF_BUFG_inst/O
                         net (fo=56, routed)          0.564     1.447    U_COUNTER_DATAPATH/U_TICK_GEN/clk_IBUF_BUFG
    SLICE_X55Y10         FDCE                                         r  U_COUNTER_DATAPATH/U_TICK_GEN/counter_reg_reg[1]/C
  -------------------------------------------------------------------    -------------------
    SLICE_X55Y10         FDCE (Prop_fdce_C_Q)         0.141     1.588 f  U_COUNTER_DATAPATH/U_TICK_GEN/counter_reg_reg[1]/Q
                         net (fo=2, routed)           0.147     1.735    U_COUNTER_DATAPATH/U_TICK_GEN/counter_reg_reg_n_0_[1]
    SLICE_X55Y10         LUT6 (Prop_lut6_I2_O)        0.045     1.780 f  U_COUNTER_DATAPATH/U_TICK_GEN/counter_reg[23]_i_2/O
                         net (fo=24, routed)          0.187     1.967    U_COUNTER_DATAPATH/U_TICK_GEN/tick_reg
    SLICE_X55Y11         LUT2 (Prop_lut2_I0_O)        0.045     2.012 r  U_COUNTER_DATAPATH/U_TICK_GEN/counter_reg[5]_i_1/O
                         net (fo=1, routed)           0.000     2.012    U_COUNTER_DATAPATH/U_TICK_GEN/counter_reg[5]
    SLICE_X55Y11         FDCE                                         r  U_COUNTER_DATAPATH/U_TICK_GEN/counter_reg_reg[5]/D
  -------------------------------------------------------------------    -------------------

                         (clock sys_clk_pin rise edge)
                                                      0.000     0.000 r  
    W5                                                0.000     0.000 r  clk (IN)
                         net (fo=0)                   0.000     0.000    clk
    W5                   IBUF (Prop_ibuf_I_O)         0.414     0.414 r  clk_IBUF_inst/O
                         net (fo=1, routed)           0.685     1.099    clk_IBUF
    BUFGCTRL_X0Y0        BUFG (Prop_bufg_I_O)         0.029     1.128 r  clk_IBUF_BUFG_inst/O
                         net (fo=56, routed)          0.835     1.962    U_COUNTER_DATAPATH/U_TICK_GEN/clk_IBUF_BUFG
    SLICE_X55Y11         FDCE                                         r  U_COUNTER_DATAPATH/U_TICK_GEN/counter_reg_reg[5]/C
                         clock pessimism             -0.499     1.463    
    SLICE_X55Y11         FDCE (Hold_fdce_C_D)         0.092     1.555    U_COUNTER_DATAPATH/U_TICK_GEN/counter_reg_reg[5]
  -------------------------------------------------------------------
                         required time                         -1.555    
                         arrival time                           2.012    
  -------------------------------------------------------------------
                         slack                                  0.457    

Slack (MET) :             0.459ns  (arrival time - required time)
  Source:                 U_COUNTER_DATAPATH/U_TICK_GEN/counter_reg_reg[1]/C
                            (rising edge-triggered cell FDCE clocked by sys_clk_pin  {rise@0.000ns fall@5.000ns period=10.000ns})
  Destination:            U_COUNTER_DATAPATH/U_TICK_GEN/counter_reg_reg[2]/D
                            (rising edge-triggered cell FDCE clocked by sys_clk_pin  {rise@0.000ns fall@5.000ns period=10.000ns})
  Path Group:             sys_clk_pin
  Path Type:              Hold (Min at Fast Process Corner)
  Requirement:            0.000ns  (sys_clk_pin rise@0.000ns - sys_clk_pin rise@0.000ns)
  Data Path Delay:        0.566ns  (logic 0.234ns (41.325%)  route 0.332ns (58.675%))
  Logic Levels:           2  (LUT2=1 LUT6=1)
  Clock Path Skew:        0.000ns (DCD - SCD - CPR)
    Destination Clock Delay (DCD):    1.962ns
    Source Clock Delay      (SCD):    1.447ns
    Clock Pessimism Removal (CPR):    0.515ns

    Location             Delay type                Incr(ns)  Path(ns)    Netlist Resource(s)
  -------------------------------------------------------------------    -------------------
                         (clock sys_clk_pin rise edge)
                                                      0.000     0.000 r  
    W5                                                0.000     0.000 r  clk (IN)
                         net (fo=0)                   0.000     0.000    clk
    W5                   IBUF (Prop_ibuf_I_O)         0.226     0.226 r  clk_IBUF_inst/O
                         net (fo=1, routed)           0.631     0.858    clk_IBUF
    BUFGCTRL_X0Y0        BUFG (Prop_bufg_I_O)         0.026     0.884 r  clk_IBUF_BUFG_inst/O
                         net (fo=56, routed)          0.564     1.447    U_COUNTER_DATAPATH/U_TICK_GEN/clk_IBUF_BUFG
    SLICE_X55Y10         FDCE                                         r  U_COUNTER_DATAPATH/U_TICK_GEN/counter_reg_reg[1]/C
  -------------------------------------------------------------------    -------------------
    SLICE_X55Y10         FDCE (Prop_fdce_C_Q)         0.141     1.588 f  U_COUNTER_DATAPATH/U_TICK_GEN/counter_reg_reg[1]/Q
                         net (fo=2, routed)           0.147     1.735    U_COUNTER_DATAPATH/U_TICK_GEN/counter_reg_reg_n_0_[1]
    SLICE_X55Y10         LUT6 (Prop_lut6_I2_O)        0.045     1.780 f  U_COUNTER_DATAPATH/U_TICK_GEN/counter_reg[23]_i_2/O
                         net (fo=24, routed)          0.185     1.965    U_COUNTER_DATAPATH/U_TICK_GEN/tick_reg
    SLICE_X55Y10         LUT2 (Prop_lut2_I0_O)        0.048     2.013 r  U_COUNTER_DATAPATH/U_TICK_GEN/counter_reg[2]_i_1/O
                         net (fo=1, routed)           0.000     2.013    U_COUNTER_DATAPATH/U_TICK_GEN/counter_reg[2]
    SLICE_X55Y10         FDCE                                         r  U_COUNTER_DATAPATH/U_TICK_GEN/counter_reg_reg[2]/D
  -------------------------------------------------------------------    -------------------

                         (clock sys_clk_pin rise edge)
                                                      0.000     0.000 r  
    W5                                                0.000     0.000 r  clk (IN)
                         net (fo=0)                   0.000     0.000    clk
    W5                   IBUF (Prop_ibuf_I_O)         0.414     0.414 r  clk_IBUF_inst/O
                         net (fo=1, routed)           0.685     1.099    clk_IBUF
    BUFGCTRL_X0Y0        BUFG (Prop_bufg_I_O)         0.029     1.128 r  clk_IBUF_BUFG_inst/O
                         net (fo=56, routed)          0.835     1.962    U_COUNTER_DATAPATH/U_TICK_GEN/clk_IBUF_BUFG
    SLICE_X55Y10         FDCE                                         r  U_COUNTER_DATAPATH/U_TICK_GEN/counter_reg_reg[2]/C
                         clock pessimism             -0.515     1.447    
    SLICE_X55Y10         FDCE (Hold_fdce_C_D)         0.107     1.554    U_COUNTER_DATAPATH/U_TICK_GEN/counter_reg_reg[2]
  -------------------------------------------------------------------
                         required time                         -1.554    
                         arrival time                           2.013    
  -------------------------------------------------------------------
                         slack                                  0.459    

Slack (MET) :             0.472ns  (arrival time - required time)
  Source:                 U_COUNTER_DATAPATH/U_TICK_GEN/counter_reg_reg[1]/C
                            (rising edge-triggered cell FDCE clocked by sys_clk_pin  {rise@0.000ns fall@5.000ns period=10.000ns})
  Destination:            U_COUNTER_DATAPATH/U_TICK_GEN/counter_reg_reg[1]/D
                            (rising edge-triggered cell FDCE clocked by sys_clk_pin  {rise@0.000ns fall@5.000ns period=10.000ns})
  Path Group:             sys_clk_pin
  Path Type:              Hold (Min at Fast Process Corner)
  Requirement:            0.000ns  (sys_clk_pin rise@0.000ns - sys_clk_pin rise@0.000ns)
  Data Path Delay:        0.563ns  (logic 0.231ns (41.012%)  route 0.332ns (58.988%))
  Logic Levels:           2  (LUT2=1 LUT6=1)
  Clock Path Skew:        0.000ns (DCD - SCD - CPR)
    Destination Clock Delay (DCD):    1.962ns
    Source Clock Delay      (SCD):    1.447ns
    Clock Pessimism Removal (CPR):    0.515ns

    Location             Delay type                Incr(ns)  Path(ns)    Netlist Resource(s)
  -------------------------------------------------------------------    -------------------
                         (clock sys_clk_pin rise edge)
                                                      0.000     0.000 r  
    W5                                                0.000     0.000 r  clk (IN)
                         net (fo=0)                   0.000     0.000    clk
    W5                   IBUF (Prop_ibuf_I_O)         0.226     0.226 r  clk_IBUF_inst/O
                         net (fo=1, routed)           0.631     0.858    clk_IBUF
    BUFGCTRL_X0Y0        BUFG (Prop_bufg_I_O)         0.026     0.884 r  clk_IBUF_BUFG_inst/O
                         net (fo=56, routed)          0.564     1.447    U_COUNTER_DATAPATH/U_TICK_GEN/clk_IBUF_BUFG
    SLICE_X55Y10         FDCE                                         r  U_COUNTER_DATAPATH/U_TICK_GEN/counter_reg_reg[1]/C
  -------------------------------------------------------------------    -------------------
    SLICE_X55Y10         FDCE (Prop_fdce_C_Q)         0.141     1.588 f  U_COUNTER_DATAPATH/U_TICK_GEN/counter_reg_reg[1]/Q
                         net (fo=2, routed)           0.147     1.735    U_COUNTER_DATAPATH/U_TICK_GEN/counter_reg_reg_n_0_[1]
    SLICE_X55Y10         LUT6 (Prop_lut6_I2_O)        0.045     1.780 f  U_COUNTER_DATAPATH/U_TICK_GEN/counter_reg[23]_i_2/O
                         net (fo=24, routed)          0.185     1.965    U_COUNTER_DATAPATH/U_TICK_GEN/tick_reg
    SLICE_X55Y10         LUT2 (Prop_lut2_I0_O)        0.045     2.010 r  U_COUNTER_DATAPATH/U_TICK_GEN/counter_reg[1]_i_1__0/O
                         net (fo=1, routed)           0.000     2.010    U_COUNTER_DATAPATH/U_TICK_GEN/counter_reg[1]
    SLICE_X55Y10         FDCE                                         r  U_COUNTER_DATAPATH/U_TICK_GEN/counter_reg_reg[1]/D
  -------------------------------------------------------------------    -------------------

                         (clock sys_clk_pin rise edge)
                                                      0.000     0.000 r  
    W5                                                0.000     0.000 r  clk (IN)
                         net (fo=0)                   0.000     0.000    clk
    W5                   IBUF (Prop_ibuf_I_O)         0.414     0.414 r  clk_IBUF_inst/O
                         net (fo=1, routed)           0.685     1.099    clk_IBUF
    BUFGCTRL_X0Y0        BUFG (Prop_bufg_I_O)         0.029     1.128 r  clk_IBUF_BUFG_inst/O
                         net (fo=56, routed)          0.835     1.962    U_COUNTER_DATAPATH/U_TICK_GEN/clk_IBUF_BUFG
    SLICE_X55Y10         FDCE                                         r  U_COUNTER_DATAPATH/U_TICK_GEN/counter_reg_reg[1]/C
                         clock pessimism             -0.515     1.447    
    SLICE_X55Y10         FDCE (Hold_fdce_C_D)         0.091     1.538    U_COUNTER_DATAPATH/U_TICK_GEN/counter_reg_reg[1]
  -------------------------------------------------------------------
                         required time                         -1.538    
                         arrival time                           2.010    
  -------------------------------------------------------------------
                         slack                                  0.472    

Slack (MET) :             0.478ns  (arrival time - required time)
  Source:                 U_COUNTER_DATAPATH/U_TICK_COUNTER/counter_reg_reg[6]/C
                            (rising edge-triggered cell FDCE clocked by sys_clk_pin  {rise@0.000ns fall@5.000ns period=10.000ns})
  Destination:            U_COUNTER_DATAPATH/U_TICK_COUNTER/counter_reg_reg[1]/D
                            (rising edge-triggered cell FDCE clocked by sys_clk_pin  {rise@0.000ns fall@5.000ns period=10.000ns})
  Path Group:             sys_clk_pin
  Path Type:              Hold (Min at Fast Process Corner)
  Requirement:            0.000ns  (sys_clk_pin rise@0.000ns - sys_clk_pin rise@0.000ns)
  Data Path Delay:        0.586ns  (logic 0.231ns (39.416%)  route 0.355ns (60.584%))
  Logic Levels:           2  (LUT6=2)
  Clock Path Skew:        0.017ns (DCD - SCD - CPR)
    Destination Clock Delay (DCD):    1.990ns
    Source Clock Delay      (SCD):    1.475ns
    Clock Pessimism Removal (CPR):    0.498ns

    Location             Delay type                Incr(ns)  Path(ns)    Netlist Resource(s)
  -------------------------------------------------------------------    -------------------
                         (clock sys_clk_pin rise edge)
                                                      0.000     0.000 r  
    W5                                                0.000     0.000 r  clk (IN)
                         net (fo=0)                   0.000     0.000    clk
    W5                   IBUF (Prop_ibuf_I_O)         0.226     0.226 r  clk_IBUF_inst/O
                         net (fo=1, routed)           0.631     0.858    clk_IBUF
    BUFGCTRL_X0Y0        BUFG (Prop_bufg_I_O)         0.026     0.884 r  clk_IBUF_BUFG_inst/O
                         net (fo=56, routed)          0.592     1.475    U_COUNTER_DATAPATH/U_TICK_COUNTER/clk_IBUF_BUFG
    SLICE_X61Y10         FDCE                                         r  U_COUNTER_DATAPATH/U_TICK_COUNTER/counter_reg_reg[6]/C
  -------------------------------------------------------------------    -------------------
    SLICE_X61Y10         FDCE (Prop_fdce_C_Q)         0.141     1.616 r  U_COUNTER_DATAPATH/U_TICK_COUNTER/counter_reg_reg[6]/Q
                         net (fo=33, routed)          0.209     1.825    U_COUNTER_DATAPATH/U_TICK_COUNTER/Q[6]
    SLICE_X61Y9          LUT6 (Prop_lut6_I2_O)        0.045     1.870 r  U_COUNTER_DATAPATH/U_TICK_COUNTER/counter_reg[13]_i_4/O
                         net (fo=14, routed)          0.146     2.016    U_COUNTER_DATAPATH/U_TICK_COUNTER/counter_reg[13]_i_4_n_0
    SLICE_X58Y9          LUT6 (Prop_lut6_I3_O)        0.045     2.061 r  U_COUNTER_DATAPATH/U_TICK_COUNTER/counter_reg[1]_i_1__2/O
                         net (fo=1, routed)           0.000     2.061    U_COUNTER_DATAPATH/U_TICK_COUNTER/p_1_in[1]
    SLICE_X58Y9          FDCE                                         r  U_COUNTER_DATAPATH/U_TICK_COUNTER/counter_reg_reg[1]/D
  -------------------------------------------------------------------    -------------------

                         (clock sys_clk_pin rise edge)
                                                      0.000     0.000 r  
    W5                                                0.000     0.000 r  clk (IN)
                         net (fo=0)                   0.000     0.000    clk
    W5                   IBUF (Prop_ibuf_I_O)         0.414     0.414 r  clk_IBUF_inst/O
                         net (fo=1, routed)           0.685     1.099    clk_IBUF
    BUFGCTRL_X0Y0        BUFG (Prop_bufg_I_O)         0.029     1.128 r  clk_IBUF_BUFG_inst/O
                         net (fo=56, routed)          0.863     1.990    U_COUNTER_DATAPATH/U_TICK_COUNTER/clk_IBUF_BUFG
    SLICE_X58Y9          FDCE                                         r  U_COUNTER_DATAPATH/U_TICK_COUNTER/counter_reg_reg[1]/C
                         clock pessimism             -0.498     1.492    
    SLICE_X58Y9          FDCE (Hold_fdce_C_D)         0.091     1.583    U_COUNTER_DATAPATH/U_TICK_COUNTER/counter_reg_reg[1]
  -------------------------------------------------------------------
                         required time                         -1.583    
                         arrival time                           2.061    
  -------------------------------------------------------------------
                         slack                                  0.478    

Slack (MET) :             0.491ns  (arrival time - required time)
  Source:                 U_FND_CONTROLLER/U_CLK_DIV_800HZ/counter_reg_reg[7]/C
                            (rising edge-triggered cell FDCE clocked by sys_clk_pin  {rise@0.000ns fall@5.000ns period=10.000ns})
  Destination:            U_FND_CONTROLLER/U_CLK_DIV_800HZ/counter_reg_reg[7]/D
                            (rising edge-triggered cell FDCE clocked by sys_clk_pin  {rise@0.000ns fall@5.000ns period=10.000ns})
  Path Group:             sys_clk_pin
  Path Type:              Hold (Min at Fast Process Corner)
  Requirement:            0.000ns  (sys_clk_pin rise@0.000ns - sys_clk_pin rise@0.000ns)
  Data Path Delay:        0.583ns  (logic 0.360ns (61.746%)  route 0.223ns (38.254%))
  Logic Levels:           2  (CARRY4=1 LUT2=1)
  Clock Path Skew:        0.000ns (DCD - SCD - CPR)
    Destination Clock Delay (DCD):    1.981ns
    Source Clock Delay      (SCD):    1.468ns
    Clock Pessimism Removal (CPR):    0.513ns

    Location             Delay type                Incr(ns)  Path(ns)    Netlist Resource(s)
  -------------------------------------------------------------------    -------------------
                         (clock sys_clk_pin rise edge)
                                                      0.000     0.000 r  
    W5                                                0.000     0.000 r  clk (IN)
                         net (fo=0)                   0.000     0.000    clk
    W5                   IBUF (Prop_ibuf_I_O)         0.226     0.226 r  clk_IBUF_inst/O
                         net (fo=1, routed)           0.631     0.858    clk_IBUF
    BUFGCTRL_X0Y0        BUFG (Prop_bufg_I_O)         0.026     0.884 r  clk_IBUF_BUFG_inst/O
                         net (fo=56, routed)          0.585     1.468    U_FND_CONTROLLER/U_CLK_DIV_800HZ/clk_IBUF_BUFG
    SLICE_X62Y21         FDCE                                         r  U_FND_CONTROLLER/U_CLK_DIV_800HZ/counter_reg_reg[7]/C
  -------------------------------------------------------------------    -------------------
    SLICE_X62Y21         FDCE (Prop_fdce_C_Q)         0.141     1.609 r  U_FND_CONTROLLER/U_CLK_DIV_800HZ/counter_reg_reg[7]/Q
                         net (fo=2, routed)           0.062     1.671    U_FND_CONTROLLER/U_CLK_DIV_800HZ/counter_reg_reg_n_0_[7]
    SLICE_X63Y21         CARRY4 (Prop_carry4_S[2]_O[2])
                                                      0.111     1.782 r  U_FND_CONTROLLER/U_CLK_DIV_800HZ/counter_reg0_carry__0/O[2]
                         net (fo=1, routed)           0.161     1.943    U_FND_CONTROLLER/U_CLK_DIV_800HZ/counter_reg0_carry__0_n_5
    SLICE_X62Y21         LUT2 (Prop_lut2_I1_O)        0.108     2.051 r  U_FND_CONTROLLER/U_CLK_DIV_800HZ/counter_reg[7]_i_1__0/O
                         net (fo=1, routed)           0.000     2.051    U_FND_CONTROLLER/U_CLK_DIV_800HZ/counter_reg[7]
    SLICE_X62Y21         FDCE                                         r  U_FND_CONTROLLER/U_CLK_DIV_800HZ/counter_reg_reg[7]/D
  -------------------------------------------------------------------    -------------------

                         (clock sys_clk_pin rise edge)
                                                      0.000     0.000 r  
    W5                                                0.000     0.000 r  clk (IN)
                         net (fo=0)                   0.000     0.000    clk
    W5                   IBUF (Prop_ibuf_I_O)         0.414     0.414 r  clk_IBUF_inst/O
                         net (fo=1, routed)           0.685     1.099    clk_IBUF
    BUFGCTRL_X0Y0        BUFG (Prop_bufg_I_O)         0.029     1.128 r  clk_IBUF_BUFG_inst/O
                         net (fo=56, routed)          0.854     1.981    U_FND_CONTROLLER/U_CLK_DIV_800HZ/clk_IBUF_BUFG
    SLICE_X62Y21         FDCE                                         r  U_FND_CONTROLLER/U_CLK_DIV_800HZ/counter_reg_reg[7]/C
                         clock pessimism             -0.513     1.468    
    SLICE_X62Y21         FDCE (Hold_fdce_C_D)         0.092     1.560    U_FND_CONTROLLER/U_CLK_DIV_800HZ/counter_reg_reg[7]
  -------------------------------------------------------------------
                         required time                         -1.560    
                         arrival time                           2.051    
  -------------------------------------------------------------------
                         slack                                  0.491    

Slack (MET) :             0.493ns  (arrival time - required time)
  Source:                 U_COUNTER_DATAPATH/U_TICK_GEN/counter_reg_reg[15]/C
                            (rising edge-triggered cell FDCE clocked by sys_clk_pin  {rise@0.000ns fall@5.000ns period=10.000ns})
  Destination:            U_COUNTER_DATAPATH/U_TICK_GEN/counter_reg_reg[15]/D
                            (rising edge-triggered cell FDCE clocked by sys_clk_pin  {rise@0.000ns fall@5.000ns period=10.000ns})
  Path Group:             sys_clk_pin
  Path Type:              Hold (Min at Fast Process Corner)
  Requirement:            0.000ns  (sys_clk_pin rise@0.000ns - sys_clk_pin rise@0.000ns)
  Data Path Delay:        0.585ns  (logic 0.359ns (61.340%)  route 0.226ns (38.660%))
  Logic Levels:           2  (CARRY4=1 LUT2=1)
  Clock Path Skew:        0.000ns (DCD - SCD - CPR)
    Destination Clock Delay (DCD):    1.959ns
    Source Clock Delay      (SCD):    1.445ns
    Clock Pessimism Removal (CPR):    0.514ns

    Location             Delay type                Incr(ns)  Path(ns)    Netlist Resource(s)
  -------------------------------------------------------------------    -------------------
                         (clock sys_clk_pin rise edge)
                                                      0.000     0.000 r  
    W5                                                0.000     0.000 r  clk (IN)
                         net (fo=0)                   0.000     0.000    clk
    W5                   IBUF (Prop_ibuf_I_O)         0.226     0.226 r  clk_IBUF_inst/O
                         net (fo=1, routed)           0.631     0.858    clk_IBUF
    BUFGCTRL_X0Y0        BUFG (Prop_bufg_I_O)         0.026     0.884 r  clk_IBUF_BUFG_inst/O
                         net (fo=56, routed)          0.562     1.445    U_COUNTER_DATAPATH/U_TICK_GEN/clk_IBUF_BUFG
    SLICE_X55Y13         FDCE                                         r  U_COUNTER_DATAPATH/U_TICK_GEN/counter_reg_reg[15]/C
  -------------------------------------------------------------------    -------------------
    SLICE_X55Y13         FDCE (Prop_fdce_C_Q)         0.141     1.586 r  U_COUNTER_DATAPATH/U_TICK_GEN/counter_reg_reg[15]/Q
                         net (fo=2, routed)           0.065     1.651    U_COUNTER_DATAPATH/U_TICK_GEN/counter_reg_reg_n_0_[15]
    SLICE_X54Y13         CARRY4 (Prop_carry4_S[2]_O[2])
                                                      0.110     1.761 r  U_COUNTER_DATAPATH/U_TICK_GEN/counter_reg0_carry__2/O[2]
                         net (fo=1, routed)           0.161     1.922    U_COUNTER_DATAPATH/U_TICK_GEN/counter_reg0_carry__2_n_5
    SLICE_X55Y13         LUT2 (Prop_lut2_I1_O)        0.108     2.030 r  U_COUNTER_DATAPATH/U_TICK_GEN/counter_reg[15]_i_1/O
                         net (fo=1, routed)           0.000     2.030    U_COUNTER_DATAPATH/U_TICK_GEN/counter_reg[15]
    SLICE_X55Y13         FDCE                                         r  U_COUNTER_DATAPATH/U_TICK_GEN/counter_reg_reg[15]/D
  -------------------------------------------------------------------    -------------------

                         (clock sys_clk_pin rise edge)
                                                      0.000     0.000 r  
    W5                                                0.000     0.000 r  clk (IN)
                         net (fo=0)                   0.000     0.000    clk
    W5                   IBUF (Prop_ibuf_I_O)         0.414     0.414 r  clk_IBUF_inst/O
                         net (fo=1, routed)           0.685     1.099    clk_IBUF
    BUFGCTRL_X0Y0        BUFG (Prop_bufg_I_O)         0.029     1.128 r  clk_IBUF_BUFG_inst/O
                         net (fo=56, routed)          0.832     1.959    U_COUNTER_DATAPATH/U_TICK_GEN/clk_IBUF_BUFG
    SLICE_X55Y13         FDCE                                         r  U_COUNTER_DATAPATH/U_TICK_GEN/counter_reg_reg[15]/C
                         clock pessimism             -0.514     1.445    
    SLICE_X55Y13         FDCE (Hold_fdce_C_D)         0.092     1.537    U_COUNTER_DATAPATH/U_TICK_GEN/counter_reg_reg[15]
  -------------------------------------------------------------------
                         required time                         -1.537    
                         arrival time                           2.030    
  -------------------------------------------------------------------
                         slack                                  0.493    





Pulse Width Checks
--------------------------------------------------------------------------------------
Clock Name:         sys_clk_pin
Waveform(ns):       { 0.000 5.000 }
Period(ns):         10.000
Sources:            { clk }

Check Type        Corner  Lib Pin  Reference Pin  Required(ns)  Actual(ns)  Slack(ns)  Location       Pin
Min Period        n/a     BUFG/I   n/a            2.155         10.000      7.845      BUFGCTRL_X0Y0  clk_IBUF_BUFG_inst/I
Min Period        n/a     FDCE/C   n/a            1.000         10.000      9.000      SLICE_X57Y12   U_COUNTER_DATAPATH/U_TICK_COUNTER/counter_reg_reg[13]/C
Min Period        n/a     FDCE/C   n/a            1.000         10.000      9.000      SLICE_X58Y9    U_COUNTER_DATAPATH/U_TICK_COUNTER/counter_reg_reg[1]/C
Min Period        n/a     FDCE/C   n/a            1.000         10.000      9.000      SLICE_X58Y9    U_COUNTER_DATAPATH/U_TICK_COUNTER/counter_reg_reg[2]/C
Min Period        n/a     FDCE/C   n/a            1.000         10.000      9.000      SLICE_X61Y10   U_COUNTER_DATAPATH/U_TICK_COUNTER/counter_reg_reg[3]/C
Min Period        n/a     FDCE/C   n/a            1.000         10.000      9.000      SLICE_X58Y9    U_COUNTER_DATAPATH/U_TICK_COUNTER/counter_reg_reg[4]/C
Min Period        n/a     FDCE/C   n/a            1.000         10.000      9.000      SLICE_X61Y11   U_COUNTER_DATAPATH/U_TICK_COUNTER/counter_reg_reg[5]/C
Min Period        n/a     FDCE/C   n/a            1.000         10.000      9.000      SLICE_X61Y10   U_COUNTER_DATAPATH/U_TICK_COUNTER/counter_reg_reg[6]/C
Min Period        n/a     FDCE/C   n/a            1.000         10.000      9.000      SLICE_X61Y10   U_COUNTER_DATAPATH/U_TICK_COUNTER/counter_reg_reg[7]/C
Min Period        n/a     FDCE/C   n/a            1.000         10.000      9.000      SLICE_X57Y10   U_COUNTER_DATAPATH/U_TICK_COUNTER/counter_reg_reg[8]/C
Low Pulse Width   Slow    FDCE/C   n/a            0.500         5.000       4.500      SLICE_X55Y13   U_COUNTER_DATAPATH/U_TICK_GEN/counter_reg_reg[10]/C
Low Pulse Width   Slow    FDCE/C   n/a            0.500         5.000       4.500      SLICE_X55Y13   U_COUNTER_DATAPATH/U_TICK_GEN/counter_reg_reg[13]/C
Low Pulse Width   Slow    FDCE/C   n/a            0.500         5.000       4.500      SLICE_X55Y14   U_COUNTER_DATAPATH/U_TICK_GEN/counter_reg_reg[14]/C
Low Pulse Width   Slow    FDCE/C   n/a            0.500         5.000       4.500      SLICE_X55Y13   U_COUNTER_DATAPATH/U_TICK_GEN/counter_reg_reg[15]/C
Low Pulse Width   Slow    FDCE/C   n/a            0.500         5.000       4.500      SLICE_X55Y13   U_COUNTER_DATAPATH/U_TICK_GEN/counter_reg_reg[16]/C
Low Pulse Width   Slow    FDCE/C   n/a            0.500         5.000       4.500      SLICE_X55Y14   U_COUNTER_DATAPATH/U_TICK_GEN/counter_reg_reg[17]/C
Low Pulse Width   Slow    FDCE/C   n/a            0.500         5.000       4.500      SLICE_X55Y15   U_COUNTER_DATAPATH/U_TICK_GEN/counter_reg_reg[18]/C
Low Pulse Width   Slow    FDCE/C   n/a            0.500         5.000       4.500      SLICE_X55Y14   U_COUNTER_DATAPATH/U_TICK_GEN/counter_reg_reg[19]/C
Low Pulse Width   Slow    FDCE/C   n/a            0.500         5.000       4.500      SLICE_X55Y14   U_COUNTER_DATAPATH/U_TICK_GEN/counter_reg_reg[20]/C
Low Pulse Width   Slow    FDCE/C   n/a            0.500         5.000       4.500      SLICE_X55Y15   U_COUNTER_DATAPATH/U_TICK_GEN/counter_reg_reg[21]/C
High Pulse Width  Slow    FDCE/C   n/a            0.500         5.000       4.500      SLICE_X57Y12   U_COUNTER_DATAPATH/U_TICK_COUNTER/counter_reg_reg[13]/C
High Pulse Width  Slow    FDCE/C   n/a            0.500         5.000       4.500      SLICE_X57Y10   U_COUNTER_DATAPATH/U_TICK_COUNTER/counter_reg_reg[8]/C
High Pulse Width  Slow    FDCE/C   n/a            0.500         5.000       4.500      SLICE_X55Y10   U_COUNTER_DATAPATH/U_TICK_GEN/counter_reg_reg[0]/C
High Pulse Width  Slow    FDCE/C   n/a            0.500         5.000       4.500      SLICE_X55Y12   U_COUNTER_DATAPATH/U_TICK_GEN/counter_reg_reg[11]/C
High Pulse Width  Slow    FDCE/C   n/a            0.500         5.000       4.500      SLICE_X55Y12   U_COUNTER_DATAPATH/U_TICK_GEN/counter_reg_reg[12]/C
High Pulse Width  Slow    FDCE/C   n/a            0.500         5.000       4.500      SLICE_X55Y11   U_COUNTER_DATAPATH/U_TICK_GEN/counter_reg_reg[8]/C
High Pulse Width  Slow    FDCE/C   n/a            0.500         5.000       4.500      SLICE_X55Y12   U_COUNTER_DATAPATH/U_TICK_GEN/counter_reg_reg[9]/C
High Pulse Width  Slow    FDCE/C   n/a            0.500         5.000       4.500      SLICE_X54Y10   U_COUNTER_DATAPATH/U_TICK_GEN/tick_reg_reg/C
High Pulse Width  Slow    FDCE/C   n/a            0.500         5.000       4.500      SLICE_X62Y23   U_FND_CONTROLLER/U_CLK_DIV_800HZ/counter_reg_reg[10]/C
High Pulse Width  Slow    FDCE/C   n/a            0.500         5.000       4.500      SLICE_X62Y22   U_FND_CONTROLLER/U_CLK_DIV_800HZ/counter_reg_reg[11]/C



